ID,Year,Pick,Team,Player,Nationality,Position,Age,GamesPlayed,Goals,Assists,Points,PlusMinus,PenaltyMinutes
226,2021,1,Buffalo Sabres,Owen Power,CA,D,18,8,262,333,595,-67,200
227,2021,2,Seattle Kraken,Matthew Beniers,US,C,18,10,262,411,673,-87,1556
228,2021,3,Anaheim Ducks,Mason Mctavish,CH,C,18,9,261,308,569,-12,470
230,2021,5,Columbus Blue Jackets,Kent Johnson,CA,C,18,9,261,336,597,-24,438
232,2021,7,San Jose Sharks,William Eklund,SE,W,18,9,260,249,509,-17,584
236,2021,12,Columbus Blue Jackets,Cole Sillinger,US,C,18,79,259,337,596,104,422
284,2021,60,Arizona Coyotes,Janis Moser,CH,D,21,43,240,432,672,17,136
449,2020,1,New York Rangers,Alexis Lafreniere,CA,W,18,135,185,298,483,14,498
450,2020,2,Los Angeles Kings,Quinton Byfield,CA,C,18,46,185,763,948,351,2891
451,2020,3,Ottawa Senators,Tim Stützle,DE,W,18,132,185,286,471,213,1542
452,2020,4,Detroit Red Wings,Lucas Raymond,SE,W,18,82,184,321,505,-133,427
454,2020,6,Anaheim Ducks,Jamie Drysdale,CA,D,18,105,184,238,422,5,454
455,2020,7,New Jersey Devils,Alexander Holtz,SE,W,18,9,183,222,405,-101,246
456,2020,8,Buffalo Sabres,Jack Quinn,CA,W,18,2,183,423,606,36,311
457,2020,9,Minnesota Wild,Marco Rossi,AT,C,18,2,182,219,401,72,172
458,2020,10,Winnipeg Jets,Cole Perfetti,CA,C,18,18,182,181,363,-28,595
460,2020,12,Florida Panthers,Anton Lundell,FI,C,18,65,182,321,503,-66,528
461,2020,13,Carolina Hurricanes,Seth Jarvis,CA,C,18,68,181,268,449,23,162
465,2020,17,Chicago Blackhawks,Lukas Reichel,DE,W,18,11,181,575,756,-1,655
466,2020,18,New Jersey Devils,Dawson Mercer,CA,C,18,82,181,200,381,-40,1417
467,2020,19,New York Rangers,Braden Schneider,CA,D,18,43,181,259,440,119,1069
469,2020,21,Columbus Blue Jackets,Yegor Chinakhov,RU,W,19,62,181,282,463,71,512
470,2020,22,Washington Capitals,Hendrix Lapierre,CA,C,18,6,180,280,460,82,277
473,2020,25,Colorado Avalanche,Justin Barron,CA,D,18,7,180,243,423,-113,111
474,2020,26,St. Louis Blues,Jake Neighbours,CA,W,18,9,179,297,476,107,183
475,2020,27,Anaheim Ducks,Jacob Perreault,CA,W,18,1,179,191,370,-59,693
482,2020,34,Buffalo Sabres,John-Jason Peterka,DE,W,18,2,177,350,527,8,480
486,2020,38,San Jose Sharks,Thomas Bordeleau,US,C,18,8,177,259,436,-9,285
588,2020,141,Chicago Blackhawks,Isaak Phillips,CA,D,18,4,149,209,358,9,374
628,2020,181,Ottawa Senators,Cole Reinhardt,CA,W,20,1,141,193,334,-96,573
648,2020,201,San Jose Sharks,Adam Raska,CZ,W,18,5,137,123,260,2,497
665,2019,1,New Jersey Devils,Jack Hughes,US,C,18,166,132,435,567,33,691
666,2019,2,New York Rangers,Kaapo Kakko,FI,W,18,157,132,461,593,100,290
667,2019,3,Chicago Blackhawks,Kirby Dach,CA,C,18,152,132,110,242,4,210
668,2019,4,Colorado Avalanche,Bowen Byram,CA,D,18,49,132,239,371,-66,173
669,2019,5,Los Angeles Kings,Alex Turcotte,US,C,18,8,132,382,514,22,873
670,2019,6,Detroit Red Wings,Moritz Seider,DE,D,18,82,131,214,345,29,263
671,2019,7,Buffalo Sabres,Dylan Cozens,CA,C,18,120,131,130,261,-11,177
672,2019,8,Edmonton Oilers,Philip Broberg,SE,D,18,23,131,300,431,-55,300
673,2019,9,Anaheim Ducks,Trevor Zegras,US,C,18,99,130,227,357,40,376
674,2019,10,Vancouver Canucks,Vasily Podkolzin,RU,W,18,79,130,132,262,-32,636
675,2019,11,Arizona Coyotes,Victor Soderstrom,SE,D,18,20,130,133,263,25,371
676,2019,12,Minnesota Wild,Matthew Boldy,US,W,18,47,130,153,283,-78,976
678,2019,14,Philadelphia Flyers,Cameron York,US,D,18,33,130,128,258,-24,646
679,2019,15,Montreal Canadiens,Cole Caufield,US,W,18,77,130,274,404,-13,172
680,2019,16,Colorado Avalanche,Alex Newhook,CA,C,18,77,129,388,517,104,299
681,2019,17,Vegas Golden Knights,Peyton Krebs,CA,C,18,61,129,167,296,-52,462
682,2019,18,Dallas Stars,Thomas Harley,US,D,18,34,129,171,300,70,398
683,2019,19,Ottawa Senators,Lassi Thomson,FI,D,18,16,129,198,327,-176,186
684,2019,20,Winnipeg Jets,Ville Heinola,FI,D,18,25,129,179,308,49,273
686,2019,22,Los Angeles Kings,Tobias Bjornfot,SE,D,18,106,129,187,316,5,749
688,2019,24,Nashville Predators,Philip Tomasino,CA,C,18,76,128,141,269,-38,1040
689,2019,25,Washington Capitals,Connor McMichael,CA,C,18,69,128,132,260,18,867
691,2019,27,Tampa Bay Lightning,Nolan Foote,US,W,18,13,128,164,292,53,137
693,2019,29,Anaheim Ducks,Brayden Tracey,CA,W,18,1,127,211,338,-43,574
696,2019,32,Ottawa Senators,Shane Pinto,US,C,18,17,127,161,288,-21,2248
697,2019,33,Los Angeles Kings,Arthur Kaliyev,UZ,W,18,81,127,178,305,-61,721
698,2019,34,Philadelphia Flyers,Bobby Brink,US,W,18,10,127,147,274,-43,276
704,2019,40,Vancouver Canucks,Nils Hoglander,SE,W,18,116,125,172,297,-33,599
705,2019,41,Vegas Golden Knights,Kaedan Korczak,CA,D,18,1,124,159,283,17,217
707,2019,43,Chicago Blackhawks,Alex Vlasic,US,D,18,15,124,141,265,-13,64
712,2019,48,San Jose Sharks,Artemi Kniazev,RU,D,18,1,123,172,295,61,127
714,2019,50,Los Angeles Kings,Samuel Fagemo,SE,W,19,4,123,317,440,23,736
716,2019,52,Florida Panthers,Vladislav Kolyachonok,BY,D,18,32,122,136,258,9,375
717,2019,53,Toronto Maple Leafs,Nicholas Robertson,US,W,18,16,121,135,256,-11,88
720,2019,56,Washington Capitals,Brett Leason,CA,W,20,36,121,114,235,-57,379
725,2019,61,New Jersey Devils,Nikita Okhotyuk,RU,D,18,5,120,335,455,11,109
728,2019,64,Montreal Canadiens,Mattias Norlinder,SE,D,19,6,119,227,346,-29,330
732,2019,68,New York Rangers,Zachary Jones,US,D,18,22,118,144,262,-44,398
736,2019,72,Philadelphia Flyers,Ronald Attard,US,D,20,15,117,454,571,35,654
739,2019,75,Minnesota Wild,Adam Beckman,CA,W,18,3,117,141,258,53,765
743,2019,79,Vegas Golden Knights,Pavel Dorofeyev,RU,W,18,2,116,131,247,24,573
745,2019,81,Florida Panthers,Cole Schwindt,CA,W,18,3,116,159,275,-37,518
755,2019,91,Washington Capitals,Aliaksei Protas,BY,C,18,33,115,138,253,-130,624
758,2019,94,Ottawa Senators,Viktor Lodin,SE,C,20,1,114,182,296,-45,342
759,2019,95,Los Angeles Kings,Jordan Spence,AU,D,18,24,114,180,294,-71,309
760,2019,96,New Jersey Devils,Tyce Thompson,US,W,20,9,114,354,468,76,620
762,2019,98,Arizona Coyotes,Matias Maccelli,FI,W,18,23,114,191,305,-58,942
788,2019,124,Toronto Maple Leafs,Nicholas Abruzzese,US,C,20,9,110,146,256,-25,278
789,2019,125,Ottawa Senators,Mark Kastelic,US,C,20,16,110,186,296,119,293
848,2019,184,San Jose Sharks,Santeri Hatakka,FI,D,18,9,101,70,171,-8,315
865,2019,201,Montreal Canadiens,Rafael Harvey-Pinard,CA,W,20,4,100,156,256,-52,675
867,2019,203,Pittsburgh Penguins,Valtteri Puustinen,FI,W,20,1,99,168,267,17,113
882,2018,1,Buffalo Sabres,Rasmus Dahlin,SE,D,18,277,98,160,258,39,673
883,2018,2,Carolina Hurricanes,Andrei Svechnikov,RU,W,18,283,98,238,336,-113,568
884,2018,3,Montreal Canadiens,Jesperi Kotkaniemi,FI,C,18,237,97,124,221,20,48
885,2018,4,Ottawa Senators,Brady Tkachuk,US,W,18,277,97,194,291,72,334
886,2018,5,Arizona Coyotes,Barrett Hayton,CA,C,18,94,97,90,187,29,85
887,2018,6,Detroit Red Wings,Filip Zadina,CZ,W,18,160,97,133,230,-24,234
888,2018,7,Vancouver Canucks,Quinn Hughes,US,D,18,205,97,169,266,-34,379
889,2018,8,Chicago Blackhawks,Adam Boqvist,SE,D,18,128,97,103,200,-73,281
890,2018,9,New York Rangers,Vitali Kravtsov,RU,W,18,20,97,112,209,-17,308
891,2018,10,Edmonton Oilers,Evan Bouchard,CA,D,18,102,97,126,223,-3,143
892,2018,11,New York Islanders,Oliver Wahlstrom,US,W,18,126,96,160,256,-39,122
893,2018,12,New York Islanders,Noah Dobson,CA,D,18,160,96,338,434,-73,374
894,2018,13,Dallas Stars,Ty Dellandrea,CA,C,18,27,96,84,180,-42,379
895,2018,14,Philadelphia Flyers,Joel Farabee,US,W,18,170,96,149,245,-3,268
896,2018,15,Florida Panthers,Grigori Denisenko,RU,W,18,8,96,169,265,7,490
897,2018,16,Colorado Avalanche,Martin Kaut,CZ,W,18,20,96,375,471,-53,1268
898,2018,17,New Jersey Devils,Ty Smith,CA,D,18,114,96,152,248,17,138
899,2018,18,Columbus Blue Jackets,Liam Foudy,CA,C,18,27,96,390,486,14,670
901,2018,20,Los Angeles Kings,Rasmus Kupari,FI,C,18,64,96,132,228,-53,171
902,2018,21,San Jose Sharks,Ryan Merkley,CA,D,18,39,96,86,182,-39,480
903,2018,22,New York Rangers,K'Andre Miller,US,D,18,135,95,340,435,-58,207
904,2018,23,Anaheim Ducks,Isac Lundestrom,SE,C,18,151,95,108,203,-23,376
907,2018,26,Ottawa Senators,Jacob Bernard-Docker,CA,D,18,13,95,154,249,-24,201
908,2018,27,Chicago Blackhawks,Nicolas Beaudin,CA,D,18,22,95,191,286,-17,464
909,2018,28,New York Rangers,Nils Lundkvist,SE,D,18,25,94,114,208,-42,1004
910,2018,29,Toronto Maple Leafs,Rasmus Sandin,SE,D,18,88,94,121,215,1,161
911,2018,30,Detroit Red Wings,Joseph Veleno,CA,C,18,71,94,206,300,57,702
912,2018,31,Washington Capitals,Alexander Alexeyev,RU,D,18,1,94,134,228,-54,101
913,2018,32,Buffalo Sabres,Mattias Samuelsson,US,D,18,54,94,119,213,-44,421
916,2018,35,Montreal Canadiens,Jesse Ylonen,US,W,18,15,93,96,189,-2,73
919,2018,38,Montreal Canadiens,Alexander Romanov,RU,D,18,133,93,250,343,-6,885
921,2018,40,Edmonton Oilers,Ryan McLeod,CA,C,18,81,93,145,238,-62,339
923,2018,42,Carolina Hurricanes,Jack Drury,US,C,18,2,93,328,421,-38,350
926,2018,45,St. Louis Blues,Scott Perunovich,US,D,20,19,92,104,196,48,415
927,2018,46,Washington Capitals,Martin Fehervary,SK,D,18,85,92,143,235,11,36
933,2018,52,Toronto Maple Leafs,Sean Durzi,CA,D,19,64,92,120,212,-53,42
934,2018,53,Pittsburgh Penguins,Calen Addison,CA,D,18,18,91,220,311,-1,192
935,2018,54,Anaheim Ducks,Benoit-Olivier Groulx,CA,C,18,18,91,110,201,17,310
936,2018,55,Arizona Coyotes,Kevin Bahl,CA,D,18,24,91,113,204,-27,495
939,2018,58,Pittsburgh Penguins,Filip Hallander,SE,C,18,1,91,110,201,68,751
940,2018,59,Tampa Bay Lightning,Gabriel Fortier,CA,W,18,10,91,100,191,-8,65
941,2018,60,Winnipeg Jets,David Gustafsson,SE,C,18,28,90,102,192,-48,367
944,2018,63,Minnesota Wild,Jack McBain,CA,C,18,10,90,111,201,-37,863
946,2018,65,Arizona Coyotes,Jan Jenik,CZ,W,18,15,90,154,244,-116,325
947,2018,66,Montreal Canadiens,Cameron Hillis,CA,C,18,1,90,134,224,-4,138
948,2018,67,Detroit Red Wings,Alec Regula,US,D,18,18,90,112,202,-81,1420
952,2018,71,Montreal Canadiens,Jordan Harris,US,D,18,10,90,265,355,-79,266
959,2018,78,Colorado Avalanche,Sampo Ranta,FI,W,18,10,89,120,209,24,376
969,2018,88,New York Rangers,Joey Keane,US,D,19,2,87,101,188,-22,191
972,2018,91,Winnipeg Jets,Nathan Smith,US,C,19,10,87,60,147,-15,185
973,2018,92,Minnesota Wild,Connor Dewar,CA,C,19,35,87,283,370,-44,286
983,2018,102,San Jose Sharks,Jasper Weatherby,US,C,20,50,86,115,201,-49,132
996,2018,115,Vegas Golden Knights,Paul Cotter,US,C,18,7,84,117,201,-19,209
1001,2018,120,Chicago Blackhawks,Philipp Kurashev,CH,C,18,121,84,347,431,260,1498
1018,2018,137,Dallas Stars,Riley Damiani,CA,C,18,7,82,92,174,-14,373
1022,2018,141,New Jersey Devils,Yegor Sharangovich,BY,C,20,130,82,247,329,-4,294
1031,2018,150,Winnipeg Jets,Declan Chisholm,CA,D,18,2,80,78,158,-1,112
1059,2018,178,Anaheim Ducks,Hunter Drew,CA,D,19,2,77,92,169,-31,177
1063,2018,182,San Jose Sharks,John Leonard,US,W,20,58,76,82,158,-11,440
1074,2018,193,Chicago Blackhawks,Josiah Slavin,US,W,19,15,75,125,200,32,134
1085,2018,204,Columbus Blue Jackets,Trey Fix-Wolansky,CA,W,19,6,74,85,159,37,50
1099,2017,1,New Jersey Devils,Nico Hischier,CH,C,18,300,73,88,161,3,73
1100,2017,2,Philadelphia Flyers,Nolan Patrick,CA,C,18,222,72,63,135,-63,104
1101,2017,3,Dallas Stars,Miro Heiskanen,FI,D,18,275,72,49,121,5,91
1102,2017,4,Colorado Avalanche,Cale Makar,CA,D,18,178,72,240,312,-114,571
1103,2017,5,Vancouver Canucks,Elias Pettersson,SE,C,18,245,72,284,356,112,489
1104,2017,6,Vegas Golden Knights,Cody Glass,CA,C,18,74,72,126,198,-28,266
1105,2017,7,New York Rangers,Lias Andersson,SE,C,18,109,72,139,211,-1,341
1106,2017,8,Buffalo Sabres,Casey Mittelstadt,US,C,18,195,72,149,221,-2,355
1107,2017,9,Detroit Red Wings,Michael Rasmussen,CA,C,18,182,72,76,148,-81,1534
1108,2017,10,Florida Panthers,Owen Tippett,CA,W,18,115,72,115,187,-18,101
1109,2017,11,Los Angeles Kings,Gabriel Vilardi,CA,C,18,89,72,126,198,16,320
1110,2017,12,Carolina Hurricanes,Martin Necas,CZ,C,18,203,72,94,166,5,826
1111,2017,13,Vegas Golden Knights,Nick Suzuki,CA,C,18,209,72,94,166,-34,442
1112,2017,14,Tampa Bay Lightning,Callan Foote,US,D,18,91,72,303,375,139,2139
1113,2017,15,Vegas Golden Knights,Erik Brannstrom,SE,D,18,116,72,91,163,-16,171
1114,2017,16,Calgary Flames,Juuso Valimaki,FI,D,18,82,72,141,213,-4,484
1115,2017,17,Toronto Maple Leafs,Timothy Liljegren,SE,D,18,74,72,77,149,-67,472
1116,2017,18,Boston Bruins,Urho Vaakanainen,FI,D,18,45,72,124,196,-60,276
1117,2017,19,San Jose Sharks,Joshua Norris,US,C,18,125,71,89,160,-8,430
1118,2017,20,St. Louis Blues,Robert Thomas,CA,C,18,241,71,103,174,69,54
1119,2017,21,New York Rangers,Filip Chytil,CZ,C,18,253,71,71,142,-12,117
1120,2017,22,Edmonton Oilers,Kailer Yamamoto,US,W,18,186,71,90,161,-20,297
1121,2017,23,Arizona Coyotes,Pierre-Olivier Joseph,CA,D,18,20,71,85,156,-60,157
1123,2017,25,Montreal Canadiens,Ryan Poehling,US,C,18,85,71,266,337,215,304
1125,2017,27,Philadelphia Flyers,Morgan Frost,CA,C,18,77,71,217,288,68,756
1127,2017,29,Chicago Blackhawks,Henri Jokiharju,FI,D,18,213,71,168,239,-13,390
1128,2017,30,Nashville Predators,Eeli Tolvanen,FI,W,18,122,71,111,182,-104,342
1130,2017,32,Colorado Avalanche,Conor Timmins,CA,D,18,39,71,246,317,83,1154
1131,2017,33,Vancouver Canucks,Kole Lind,CA,W,18,30,71,63,134,-137,69
1132,2017,34,Vegas Golden Knights,Nicolas Hague,CA,D,18,142,70,133,203,-26,54
1133,2017,35,Philadelphia Flyers,Isaac Ratcliffe,CA,W,18,10,70,267,337,-62,222
1134,2017,36,New Jersey Devils,Jesper Boqvist,SE,C,18,119,70,79,149,-46,1052
1136,2017,38,Detroit Red Wings,Gustav Lindstrom,SE,D,18,92,70,263,333,-56,361
1137,2017,39,Dallas Stars,Jason Robertson,US,W,18,128,70,133,203,-17,225
1138,2017,40,Florida Panthers,Aleksi Heponiemi,FI,C,18,15,70,318,388,56,825
1139,2017,41,Los Angeles Kings,Jaret Anderson-Dolan,CA,C,18,50,70,103,173,52,138
1140,2017,42,Carolina Hurricanes,Eetu Luostarinen,FI,C,19,130,70,84,154,-24,166
1141,2017,43,Winnipeg Jets,Dylan Samberg,US,D,18,15,70,68,138,22,840
1143,2017,45,Columbus Blue Jackets,Alexandre Texier,FR,C,18,123,69,76,145,35,116
1144,2017,46,New York Islanders,Robin Salo,FI,D,18,21,69,304,373,-13,181
1145,2017,47,Ottawa Senators,Alex Formenton,CA,W,18,109,69,224,293,62,397
1146,2017,48,Tampa Bay Lightning,Alexander Volkov,RU,W,20,46,69,87,156,-76,282
1147,2017,49,San Jose Sharks,Mario Ferraro,CA,D,18,180,69,258,327,44,586
1148,2017,50,Anaheim Ducks,Maxime Comtois,CA,W,18,146,69,101,170,42,90
1151,2017,53,Boston Bruins,Jack Studnicka,CA,C,18,37,69,212,281,97,660
1153,2017,55,Vancouver Canucks,Jonah Gadjovich,CA,W,18,44,69,224,293,-96,774
1155,2017,57,Chicago Blackhawks,Ian Mitchell,CA,D,18,47,68,81,149,12,92
1160,2017,62,Vegas Golden Knights,Jake Leschyshyn,US,C,18,41,68,106,174,-54,307
1163,2017,65,Vegas Golden Knights,Jonas Rondbjerg,DK,W,18,30,68,135,203,42,516
1165,2017,67,Carolina Hurricanes,Morgan Geekie,CA,C,19,111,68,246,314,65,430
1167,2017,69,Arizona Coyotes,Mackenzie Entwistle,CA,W,18,60,68,112,180,-36,1670
1172,2017,74,Winnipeg Jets,Johnathan Kovacevic,CA,D,20,4,67,109,176,23,188
1179,2017,81,New Jersey Devils,Reilly Walsh,US,D,18,1,67,70,137,-23,361
1182,2017,84,Edmonton Oilers,Dmitri Samorukov,RU,D,18,1,66,82,148,17,94
1185,2017,87,Montreal Canadiens,Cale Fleury,CA,D,18,50,66,77,143,-23,903
1190,2017,92,Nashville Predators,David Farrance,US,D,18,2,66,80,146,5,525
1193,2017,95,Vancouver Canucks,Jack Rathbone,US,D,18,17,65,118,183,-44,165
1195,2017,97,Minnesota Wild,Mason Shaw,CA,C,18,3,65,74,139,-49,586
1197,2017,99,Buffalo Sabres,Jacob Bryson,CA,D,19,111,65,96,161,-60,1010
1200,2017,102,San Jose Sharks,Scott Reedy,US,C,18,35,65,64,129,-109,370
1201,2017,103,Los Angeles Kings,Michael Anderson,US,D,18,117,65,221,286,-102,448
1205,2017,107,Philadelphia Flyers,Maksim Sushko,BY,W,18,2,64,81,145,-89,52
1207,2017,109,Calgary Flames,Adam Ruzicka,SK,C,18,31,64,74,138,-47,78
1211,2017,113,St. Louis Blues,Alexey Toropchenko,RU,W,18,28,64,88,152,9,133
1215,2017,117,Columbus Blue Jackets,Emil Bemstrom,SE,C,18,117,64,96,160,-50,84
1219,2017,121,Ottawa Senators,Drake Batherson,US,C,19,145,63,89,152,23,78
1230,2017,132,Dallas Stars,Jacob Peterson,SE,C,18,65,63,180,243,-89,1320
1235,2017,137,Philadelphia Flyers,Noah Cates,US,W,18,16,62,74,136,-89,142
1236,2017,138,Los Angeles Kings,Drake Rymsha,US,C,19,1,62,195,257,53,468
1237,2017,139,New York Islanders,Sebastian Aho,SE,D,21,61,62,62,124,-54,78
1241,2017,143,New Jersey Devils,Marian Studenic,SK,W,18,41,62,236,298,-46,1008
1248,2017,150,Chicago Blackhawks,Jakub Galvas,CZ,D,18,6,61,79,140,-3,108
1268,2017,170,Columbus Blue Jackets,Jonathan Davidsson,SE,W,20,6,59,81,140,-30,747
1272,2017,174,New York Rangers,Morgan Barron,CA,C,18,32,59,124,183,-103,89
1277,2017,179,Columbus Blue Jackets,Carson Meyer,US,W,20,13,58,84,142,-21,1078
1283,2017,185,San Jose Sharks,Alexander Chmelevski,US,C,18,24,58,66,124,-20,521
1287,2017,189,Vegas Golden Knights,Ben Jones,CA,C,18,2,58,60,118,-64,158
1294,2017,196,Philadelphia Flyers,Wyatt Kalynuk,CA,D,20,26,57,207,264,-38,136
1310,2017,212,San Jose Sharks,Ivan Chekhovich,RU,W,18,4,56,106,162,-28,204
1316,2016,1,Toronto Maple Leafs,Auston Matthews,US,C,18,407,56,54,110,-31,645
1317,2016,2,Winnipeg Jets,Patrik Laine,FI,W,18,407,56,42,98,-39,615
1318,2016,3,Columbus Blue Jackets,Pierre-Luc Dubois,CA,W,18,361,56,177,233,116,750
1319,2016,4,Edmonton Oilers,Jesse Puljujarvi,SE,W,18,259,56,156,212,88,1612
1320,2016,5,Vancouver Canucks,Olli Juolevi,FI,D,18,41,56,232,288,-113,1110
1321,2016,6,Calgary Flames,Matthew Tkachuk,US,W,18,431,56,89,145,21,36
1322,2016,7,Arizona Coyotes,Clayton Keller,US,C,18,360,56,50,106,-40,122
1323,2016,8,Buffalo Sabres,Alexander Nylander,CA,W,18,84,55,45,100,-29,219
1324,2016,9,Montreal Canadiens,Mikhail Sergachev,RU,D,18,362,55,72,127,-39,20
1325,2016,10,Colorado Avalanche,Tyson Jost,CA,C,18,342,55,83,138,-19,210
1326,2016,11,Ottawa Senators,Logan Brown,US,C,18,69,55,70,125,6,355
1327,2016,12,New Jersey Devils,Michael McLeod,CA,C,18,162,55,209,264,-53,548
1328,2016,13,Carolina Hurricanes,Jake Bean,CA,D,18,111,55,82,137,-7,240
1329,2016,14,Boston Bruins,Charles McAvoy,US,D,18,313,55,105,160,-82,683
1330,2016,15,Minnesota Wild,Luke Kunin,US,C,18,251,55,140,195,30,880
1331,2016,16,Arizona Coyotes,Jakob Chychrun,US,D,18,337,55,239,294,-23,893
1332,2016,17,Nashville Predators,Dante Fabbro,CA,D,18,174,55,67,122,-49,488
1333,2016,18,Winnipeg Jets,Logan Stanley,CA,D,18,95,55,83,138,13,123
1334,2016,19,New York Islanders,Kieffer Bellows,US,W,18,67,55,60,115,-66,314
1335,2016,20,Detroit Red Wings,Dennis Cholowski,CA,D,18,115,55,68,123,-78,218
1336,2016,21,Carolina Hurricanes,Julien Gauthier,CA,W,18,96,55,85,140,-110,52
1337,2016,22,Philadelphia Flyers,German Rubtsov,RU,C,18,4,54,138,192,38,406
1338,2016,23,Florida Panthers,Henrik Borgström,FI,C,19,110,54,55,109,-29,149
1339,2016,24,Anaheim Ducks,Max Jones,US,W,18,137,54,60,114,-28,980
1340,2016,25,Dallas Stars,Riley Tufte,US,W,18,10,54,46,100,-11,181
1341,2016,26,St. Louis Blues,Tage Thompson,US,C,18,223,54,254,308,5,422
1342,2016,27,Tampa Bay Lightning,Brett Howden,CA,C,18,225,54,152,206,123,331
1343,2016,28,Washington Capitals,Lucas Johansen,CA,D,18,1,54,45,99,-28,855
1344,2016,29,Boston Bruins,Trent Frederic,US,C,18,119,54,62,116,-41,722
1345,2016,30,Anaheim Ducks,Sam Steel,CA,C,18,197,54,45,99,-28,855
1346,2016,31,Toronto Maple Leafs,Yegor Korshkov,RU,W,20,1,54,65,119,-22,194
1347,2016,32,Edmonton Oilers,Tyler Benson,CA,W,18,36,54,74,128,1,146
1348,2016,33,Buffalo Sabres,Rasmus Asplund,SE,C,18,137,54,265,319,43,733
1349,2016,34,Columbus Blue Jackets,Andrew Peeke,US,D,18,115,54,206,260,29,568
1350,2016,35,St. Louis Blues,Jordan Kyrou,CA,C,18,173,54,82,136,-105,203
1352,2016,37,Tampa Bay Lightning,Libor Hajek,CZ,D,18,94,54,69,123,-24,103
1354,2016,39,Chicago Blackhawks,Alexander Debrincat,US,W,18,368,54,136,190,-85,705
1356,2016,41,New Jersey Devils,Nathan Bastian,CA,W,18,120,54,59,113,-8,271
1357,2016,42,Ottawa Senators,Jonathan Dahlen,SE,C,18,61,53,89,142,-46,218
1359,2016,44,Tampa Bay Lightning,Boris Katchouk,CA,W,18,59,53,79,132,-58,246
1361,2016,46,Detroit Red Wings,Givani Smith,CA,W,18,83,53,56,109,3,98
1362,2016,47,Nashville Predators,Samuel Girard,CA,D,18,340,53,118,171,-22,362
1364,2016,49,Boston Bruins,Ryan Lindgren,US,D,18,194,53,81,134,-40,968
1366,2016,51,Los Angeles Kings,Kale Clague,CA,D,18,58,53,66,119,5,352
1367,2016,52,Philadelphia Flyers,Wade Allison,CA,W,18,15,53,71,124,-69,1409
1368,2016,53,Detroit Red Wings,Filip Hronek,CZ,D,18,245,53,197,250,-3,685
1371,2016,56,Calgary Flames,Dillon Dube,CA,C,18,200,53,49,102,-53,157
1372,2016,57,Toronto Maple Leafs,Carl Grundstrom,SE,W,18,129,52,38,90,-17,29
1373,2016,58,Tampa Bay Lightning,Taylor Raddysh,CA,W,18,74,52,63,115,-9,52
1375,2016,60,San Jose Sharks,Dylan Gambrell,US,C,20,173,52,72,124,-26,120
1376,2016,61,Pittsburgh Penguins,Kasper Bjorkqvist,FI,W,19,6,52,55,107,-32,147
1378,2016,63,Edmonton Oilers,Markus Niemelainen,FI,D,18,20,52,68,120,-35,252
1379,2016,64,Vancouver Canucks,William Lockwood,US,W,18,15,52,77,129,-64,367
1380,2016,65,Columbus Blue Jackets,Vitaly Abramov,RU,W,18,5,52,76,128,5,305
1381,2016,66,Calgary Flames,Adam Fox,US,D,18,203,52,57,109,-57,217
1383,2016,68,Arizona Coyotes,Cam Dineen,US,D,18,34,52,96,148,-11,119
1388,2016,73,New Jersey Devils,Joseph Anderson,US,W,18,58,52,83,135,-21,373
1391,2016,76,Nashville Predators,Rem Pitlick,CA,C,19,77,52,317,369,176,574
1393,2016,78,Nashville Predators,Frederic Allard,CA,D,18,1,52,167,219,181,558
1395,2016,80,New Jersey Devils,Brandon Gignac,CA,C,18,1,51,53,104,39,87
1396,2016,81,New York Rangers,Sean Day,BE,D,18,2,51,179,230,-129,350
1397,2016,82,Philadelphia Flyers,Carsen Twarynski,CA,W,18,22,51,44,95,-20,391
1400,2016,85,Anaheim Ducks,Joshua Mahura,CA,D,18,79,51,202,253,12,212
1401,2016,86,Buffalo Sabres,Casey Fitzgerald,US,D,19,36,51,74,125,-7,337
1402,2016,87,Washington Capitals,Garrett Pilon,CA,C,18,3,51,68,119,-49,1226
1405,2016,90,Dallas Stars,Fredrik Karlstrom,SE,C,18,3,51,204,255,236,1132
1407,2016,92,Toronto Maple Leafs,Adam Brooks,CA,C,20,43,50,47,97,-21,63
1413,2016,98,New York Rangers,Tarmo Reunanen,FI,D,18,4,50,59,109,-53,1051
1414,2016,99,Buffalo Sabres,Brett Murray,CA,W,18,21,50,43,93,-7,136
1415,2016,100,Montreal Canadiens,Victor Mete,CA,D,18,236,49,94,143,-49,62
1416,2016,101,Toronto Maple Leafs,Keaton Middleton,CA,D,18,3,49,89,138,-9,218
1417,2016,102,New Jersey Devils,Mikhail Maltsev,RU,W,18,51,49,77,126,-62,65
1421,2016,106,Minnesota Wild,Brandon Duhaime,US,W,19,80,49,185,234,46,720
1424,2016,109,Philadelphia Flyers,Connor Bunnaman,CA,C,18,54,49,146,195,62,415
1425,2016,110,Chicago Blackhawks,Lucas Carlsson,SE,D,19,58,49,201,250,-23,510
1426,2016,111,San Jose Sharks,Noah Gregor,CA,C,18,121,49,58,107,-15,233
1427,2016,112,Los Angeles Kings,Jacob Moverare,SE,D,18,19,49,87,136,-36,414
1429,2016,114,Florida Panthers,Riley Stillman,CA,D,18,108,49,77,126,-30,54
1433,2016,118,Tampa Bay Lightning,Ross Colton,US,C,20,109,48,213,261,-172,329
1435,2016,120,New York Islanders,Otto Koivula,FI,W,18,20,48,41,89,1,84
1448,2016,133,Ottawa Senators,Maxime Lajoie,CA,D,18,67,48,71,119,-71,224
1454,2016,139,Philadelphia Flyers,Linus Hogberg,SE,D,18,5,47,48,95,-5,134
1456,2016,141,New York Rangers,Timothy Gettinger,US,W,18,16,47,153,200,-5,212
1457,2016,142,Los Angeles Kings,Michael Eyssimont,US,C,20,1,47,128,175,185,838
1460,2016,145,Washington Capitals,Beck Malenstyn,CA,W,18,15,47,49,96,-13,74
1461,2016,146,Dallas Stars,Nicholas Caamano,CA,W,18,36,47,51,98,14,156
1462,2016,147,Washington Capitals,Axel Jonsson-Fjallby,SE,W,18,23,46,52,98,18,76
1474,2016,159,Buffalo Sabres,Brandon Hagel,CA,W,18,130,46,93,139,-18,333
1475,2016,160,Montreal Canadiens,Michael Pezzetta,CA,C,18,51,46,53,99,22,146
1480,2016,165,Boston Bruins,Oskar Steen,SE,C,18,23,45,57,102,-19,150
1481,2016,166,Calgary Flames,Matthew Phillips,CA,C,18,1,45,238,283,82,251
1484,2016,169,Philadelphia Flyers,Tanner Laczynski,US,C,19,6,45,159,204,-25,1065
1488,2016,173,Chicago Blackhawks,Blake Hillman,US,D,20,4,45,52,97,-37,1789
1500,2016,185,Columbus Blue Jackets,Calvin Thurkauf,CH,C,19,3,44,207,251,39,359
1507,2016,192,New Jersey Devils,Jeremy Davies,CA,D,19,22,44,175,219,57,831
1527,2015,1,Edmonton Oilers,Connor McDavid,CA,C,18,487,42,146,188,-62,150
1528,2015,2,Buffalo Sabres,Jack Eichel,US,C,18,409,42,104,146,30,228
1529,2015,3,Arizona Coyotes,Dylan Strome,CA,C,18,273,42,129,171,-27,132
1530,2015,4,Toronto Maple Leafs,Mitchell Marner,CA,C,18,427,42,38,80,-7,69
1531,2015,5,Carolina Hurricanes,Noah Hanifin,US,D,18,517,42,30,72,-13,230
1532,2015,6,New Jersey Devils,Pavel Zacha,CZ,C,18,386,42,156,198,-38,494
1533,2015,7,Philadelphia Flyers,Ivan Provorov,RU,D,18,450,42,72,114,-38,144
1534,2015,8,Columbus Blue Jackets,Zach Werenski,US,D,18,403,42,51,93,-32,77
1535,2015,9,San Jose Sharks,Timo Meier,CH,W,18,394,42,62,104,9,132
1536,2015,10,Colorado Avalanche,Mikko Rantanen,FI,W,18,408,42,118,160,-31,308
1537,2015,11,Florida Panthers,Lawson Crouse,CA,W,18,346,42,60,102,-33,1103
1538,2015,12,Dallas Stars,Denis Gurianov,RU,W,18,214,42,49,91,0,26
1539,2015,13,Boston Bruins,Jakub Zboril,CZ,D,18,54,42,62,104,5,92
1540,2015,14,Boston Bruins,Jake Debrusk,CA,W,18,321,42,91,133,8,495
1541,2015,15,Boston Bruins,Zachary Senyshyn,CA,W,18,16,42,187,229,2,621
1542,2015,16,New York Islanders,Mathew Barzal,CA,C,18,362,42,188,230,-2,1588
1543,2015,17,Winnipeg Jets,Kyle Connor,US,W,18,384,42,96,138,37,467
1544,2015,18,Ottawa Senators,Thomas Chabot,CA,D,18,313,42,68,110,-6,73
1545,2015,19,Detroit Red Wings,Evgeny Svechnikov,RU,W,18,113,42,38,80,-25,73
1546,2015,20,Minnesota Wild,Joel Eriksson Ek,SE,C,18,343,42,80,122,16,108
1547,2015,21,Ottawa Senators,Colin White,US,C,18,224,42,202,244,320,433
1549,2015,23,Vancouver Canucks,Brock Boeser,US,W,18,324,41,149,190,63,372
1550,2015,24,Philadelphia Flyers,Travis Konecny,CA,C,18,428,41,49,90,-32,533
1551,2015,25,Winnipeg Jets,Jack Roslovic,US,C,18,309,41,41,82,-45,52
1552,2015,26,Montreal Canadiens,Noah Juulsen,CA,D,18,56,41,37,78,-18,118
1553,2015,27,Anaheim Ducks,Jacob Larsson,SE,D,18,165,41,51,92,-25,429
1554,2015,28,New York Islanders,Anthony Beauvillier,CA,W,18,408,41,128,169,26,1099
1555,2015,29,Columbus Blue Jackets,Gabriel Carlsson,SE,D,18,75,41,50,91,-52,272
1556,2015,30,Arizona Coyotes,Nicholas Merkley,CA,W,18,41,41,97,138,22,907
1558,2015,32,Arizona Coyotes,Christian Fischer,US,W,18,318,41,38,79,-27,212
1559,2015,33,Tampa Bay Lightning,Mitchell Stephens,CA,C,18,72,41,50,91,-38,3207
1560,2015,34,Toronto Maple Leafs,Travis Dermott,CA,D,18,268,41,68,109,-6,794
1561,2015,35,Carolina Hurricanes,Sebastian Aho,FI,W,18,445,41,153,194,-35,906
1563,2015,37,Boston Bruins,Brandon Carlo,US,D,18,403,41,195,236,24,863
1565,2015,39,Colorado Avalanche,A.J. Greer,CA,W,18,47,40,36,76,-18,27
1566,2015,40,Colorado Avalanche,Nicolas Meloche,CA,D,18,57,40,53,93,17,82
1569,2015,43,Los Angeles Kings,Erik Cernak,SK,D,18,226,40,55,95,-6,113
1571,2015,45,Boston Bruins,Jakob Forsbacka Karlsson,SE,C,18,29,40,59,99,16,176
1572,2015,46,Pittsburgh Penguins,Daniel Sprong,NL,W,18,202,40,75,115,16,1036
1573,2015,47,Winnipeg Jets,Jansen Harkins,US,C,18,132,40,59,99,-29,204
1574,2015,48,Ottawa Senators,Filip Chlapik,CZ,C,18,57,40,57,97,0,204
1575,2015,49,Dallas Stars,Roope Hintz,FI,W,18,239,40,39,79,-2,120
1576,2015,50,Minnesota Wild,Jordan Greenway,US,W,18,272,40,142,182,31,2307
1577,2015,51,Buffalo Sabres,Brendan Guhle,CA,D,18,65,40,73,113,-137,1422
1578,2015,52,Boston Bruins,Jeremy Lauzon,CA,D,18,142,40,133,173,-39,894
1579,2015,53,Calgary Flames,Rasmus Andersson,SE,D,18,298,40,68,108,-5,242
1581,2015,55,Nashville Predators,Yakov Trenin,RU,C,18,146,40,56,96,-20,40
1582,2015,56,St. Louis Blues,Vince Dunn,CA,D,18,340,40,50,90,-64,137
1583,2015,57,Washington Capitals,Jonas Siegenthaler,CH,D,18,175,39,98,137,1,173
1584,2015,58,Columbus Blue Jackets,Kevin Stenlund,SE,C,18,71,39,32,71,-6,100
1586,2015,60,Calgary Flames,Oliver Kylington,SE,D,18,168,39,45,84,-4,43
1589,2015,63,Arizona Coyotes,Kyle Capobianco,CA,D,18,59,39,112,151,-71,567
1592,2015,66,Vancouver Canucks,Guillaume Brisebois,CA,D,18,10,39,79,118,17,100
1593,2015,67,New Jersey Devils,Blake Speers,CA,C,18,5,39,162,201,-37,151
1595,2015,69,Columbus Blue Jackets,Keegan Kolesar,CA,W,18,122,39,82,121,-98,132
1597,2015,71,Colorado Avalanche,Jean-Christophe Beaudin,CA,C,18,22,39,52,91,-60,107
1598,2015,72,Tampa Bay Lightning,Anthony Cirelli,CA,C,18,294,38,108,146,42,65
1611,2015,85,Nashville Predators,Thomas Novak,US,C,18,27,38,84,122,-87,250
1613,2015,87,Montreal Canadiens,Lukas Vejdemo,SE,C,19,13,38,86,124,-50,221
1615,2015,89,New York Rangers,Aleksi Saarela,FI,C,18,9,38,48,86,-41,313
1617,2015,91,Chicago Blackhawks,Dennis Gilbert,US,D,18,25,38,184,222,84,1437
1618,2015,92,Buffalo Sabres,William Borgen,US,D,18,50,38,46,84,-8,113
1622,2015,96,Carolina Hurricanes,Nicolas Roy,CA,C,18,163,38,39,77,-83,60
1623,2015,97,New Jersey Devils,Colton White,CA,D,18,38,37,125,162,-1,252
1625,2015,99,Los Angeles Kings,Austin Wagner,CA,W,18,171,37,26,63,-27,195
1626,2015,100,Nashville Predators,Anthony Richard,CA,C,18,2,37,81,118,-15,90
1627,2015,101,Colorado Avalanche,Andrei Mironov,RU,D,21,10,37,31,68,-42,552
1628,2015,102,Florida Panthers,Denis Malgin,CH,C,18,192,37,41,78,-9,123
1630,2015,104,Philadelphia Flyers,Mikhail Vorobyev,RU,C,18,35,37,61,98,-31,118
1633,2015,107,Ottawa Senators,Christian Wolanin,CA,D,20,70,37,67,104,-31,348
1641,2015,115,Nashville Predators,Alexandre Carrier,CA,D,18,101,37,28,65,-62,104
1642,2015,116,St. Louis Blues,Glenn Gawdin,CA,C,18,9,37,44,81,-45,646
1643,2015,117,Edmonton Oilers,Caleb Jones,US,D,18,144,36,138,174,50,213
1646,2015,120,Tampa Bay Lightning,Mathieu Joseph,CA,W,18,232,36,76,112,21,201
1649,2015,123,Arizona Coyotes,Conor Garland,US,W,19,241,36,105,141,58,122
1650,2015,124,Edmonton Oilers,Ethan Bear,CA,D,18,190,36,172,208,112,70
1651,2015,125,Toronto Maple Leafs,Dmytro Timashov,UA,W,18,45,36,49,85,-38,112
1653,2015,127,St. Louis Blues,Niko Mikkola,FI,D,19,89,36,71,107,14,108
1654,2015,128,Philadelphia Flyers,David Kase,CZ,W,18,7,36,126,162,2,321
1661,2015,135,Minnesota Wild,Kirill Kaprizov,RU,W,18,136,36,40,76,-9,1914
1663,2015,137,Pittsburgh Penguins,Dominik Simon,CZ,C,21,256,36,192,228,114,656
1665,2015,139,Ottawa Senators,Christian Jaros,SK,D,19,94,36,142,178,78,2516
1666,2015,140,Detroit Red Wings,Chase Pearson,CA,C,18,3,36,40,76,6,35
1668,2015,142,San Jose Sharks,Rudolfs Balcers,LV,W,18,153,36,187,223,91,955
1675,2015,149,Vancouver Canucks,Adam Gaudette,US,C,18,218,35,23,58,0,58
1680,2015,154,Edmonton Oilers,John Marino,US,D,18,189,35,50,85,-14,77
1683,2015,157,New Jersey Devils,Brett Seney,CA,W,19,55,35,29,64,-4,98
1684,2015,158,Philadelphia Flyers,Cooper Marody,US,C,18,7,34,53,87,-45,51
1685,2015,159,Columbus Blue Jackets,Vladislav Gavrikov,RU,D,19,204,34,57,91,-8,98
1691,2015,165,Boston Bruins,Cameron Hughes,CA,C,18,2,34,122,156,-64,74
1692,2015,166,Calgary Flames,Andrew Mangiapane,CA,W,19,260,34,77,111,12,167
1694,2015,168,Winnipeg Jets,Mason Appleton,US,C,19,206,34,42,76,-19,103
1706,2015,180,Tampa Bay Lightning,Bokondji Imama,CA,W,19,4,34,49,83,9,90
1715,2015,189,Columbus Blue Jackets,Markus Nutivaara,FI,D,21,275,33,85,118,-6,630
1720,2015,194,Los Angeles Kings,Matt Roy,CA,D,20,206,33,135,168,133,620
1724,2015,198,Winnipeg Jets,Sami Niku,FI,D,18,67,33,56,89,-33,174
1738,2014,1,Florida Panthers,Aaron Ekblad,CA,D,18,554,32,65,97,-27,1050
1739,2014,2,Buffalo Sabres,Sam Reinhart,CA,C,18,532,32,139,171,-142,1235
1740,2014,3,Edmonton Oilers,Leon Draisaitl,DE,C,18,558,32,38,70,-25,58
1741,2014,4,Calgary Flames,Samuel Bennett,CA,C,18,483,31,21,52,-5,45
1742,2014,5,New York Islanders,Michael Dal Colle,CA,W,18,112,31,129,160,-78,166
1743,2014,6,Vancouver Canucks,Jake Virtanen,CA,W,18,317,31,20,51,7,40
1744,2014,7,Carolina Hurricanes,Haydn Fleury,CA,D,18,215,31,29,60,-7,410
1746,2014,9,Winnipeg Jets,Nikolaj Ehlers,DK,W,18,478,31,52,83,-3,42
1747,2014,10,Anaheim Ducks,Nicholas Ritchie,CA,W,18,407,31,51,82,31,66
1748,2014,11,Nashville Predators,Kevin Fiala,CH,W,18,419,31,23,54,-1,122
1749,2014,12,Arizona Coyotes,Brendan Perlini,GB,W,18,262,31,116,147,59,764
1751,2014,14,Dallas Stars,Julius Honka,FI,D,18,87,31,87,118,-9,351
1752,2014,15,Detroit Red Wings,Dylan Larkin,US,C,18,504,31,30,61,-36,447
1753,2014,16,Columbus Blue Jackets,Sonny Milano,US,W,18,197,31,73,104,-45,376
1754,2014,17,Philadelphia Flyers,Travis Sanheim,CA,D,18,335,31,30,61,-6,106
1755,2014,18,Minnesota Wild,Alex Tuch,US,W,18,305,31,43,74,-16,77
1756,2014,19,Tampa Bay Lightning,Anthony Deangelo,US,D,18,270,31,44,75,-47,112
1757,2014,20,Chicago Blackhawks,Nick Schmaltz,US,C,18,364,31,43,74,-16,77
1758,2014,21,St. Louis Blues,Robert Fabbri,CA,C,18,302,31,48,79,-38,1421
1759,2014,22,Pittsburgh Penguins,Kasperi Kapanen,FI,W,18,321,31,42,73,5,41
1761,2014,24,Vancouver Canucks,Jared McCann,CA,C,18,427,31,198,229,87,1809
1762,2014,25,Boston Bruins,David Pastrnak,CZ,W,18,510,31,49,80,0,96
1763,2014,26,Montreal Canadiens,Nikita Scherbak,RU,W,18,37,31,92,123,40,520
1764,2014,27,San Jose Sharks,Nikolay Goldobin,RU,W,18,125,31,55,86,-24,98
1766,2014,29,Los Angeles Kings,Adrian Kempe,SE,W,18,390,31,91,122,-56,1017
1767,2014,30,New Jersey Devils,John Quenneville,CA,C,18,42,31,91,122,-56,1017
1768,2014,31,Buffalo Sabres,Brendan Lemieux,US,W,18,230,30,32,62,19,52
1769,2014,32,Florida Panthers,Jayce Hawryluk,CA,C,18,98,30,44,74,9,83
1775,2014,38,Anaheim Ducks,Marcus Pettersson,SE,D,18,294,30,80,110,-17,72
1777,2014,40,Ottawa Senators,Andreas Englund,SE,D,18,33,30,97,127,4,579
1778,2014,41,New Jersey Devils,Joshua Jacobs,US,D,18,3,30,84,114,-47,245
1779,2014,42,Nashville Predators,Vladislav Kamenev,RU,W,18,66,30,99,129,5,260
1780,2014,43,Arizona Coyotes,Ryan MacInnis,US,C,18,27,30,150,180,26,491
1785,2014,48,Philadelphia Flyers,Nicolas Aube-Kubel,CA,W,18,169,30,51,81,-40,613
1787,2014,50,Los Angeles Kings,Roland McKeown,CA,D,18,10,30,15,45,-2,417
1789,2014,52,St. Louis Blues,Maxim Letunov,RU,C,18,3,30,47,77,-82,215
1792,2014,55,Anaheim Ducks,Brandon Montour,CA,D,20,374,29,87,116,-19,131
1793,2014,56,Boston Bruins,Ryan Donato,US,C,18,254,29,107,136,-35,261
1795,2014,58,Arizona Coyotes,Christian Dvorak,US,W,18,358,29,136,165,131,622
1800,2014,63,Detroit Red Wings,Dominic Turgeon,CA,C,18,9,29,107,136,26,839
1802,2014,65,Florida Panthers,Juho Lammikko,FI,W,18,159,29,130,159,130,585
1803,2014,66,Vancouver Canucks,Nikita Tryamkin,RU,D,20,79,29,53,82,-3,85
1804,2014,67,Carolina Hurricanes,Warren Foegele,CA,W,18,282,29,45,74,-9,64
1805,2014,68,Toronto Maple Leafs,Rinat Valiev,RU,D,19,12,29,135,164,-4,377
1810,2014,73,Montreal Canadiens,Brett Lernout,CA,D,18,21,28,36,64,10,68
1816,2014,79,Tampa Bay Lightning,Brayden Point,CA,C,18,417,28,38,66,-52,1298
1817,2014,80,Minnesota Wild,Louis Belpedio,US,D,18,4,28,40,68,1,54
1819,2014,82,St. Louis Blues,Jake Walman,CA,D,18,76,28,41,69,3,105
1823,2014,86,Philadelphia Flyers,Mark Friedman,CA,D,18,42,28,79,107,-76,225
1826,2014,89,Washington Capitals,Nathan Walker,GB,W,20,55,28,43,71,-4,1081
1827,2014,90,Los Angeles Kings,Michael Amadio,CA,C,18,229,28,41,69,-60,2069
1828,2014,91,Edmonton Oilers,William Lagesson,SE,D,18,60,28,119,147,159,775
1834,2014,97,Carolina Hurricanes,Lucas Wallmark,SE,C,19,187,28,38,66,-31,69
1836,2014,99,Winnipeg Jets,Chase De Leo,US,C,18,7,27,21,48,-25,12
1838,2014,101,Winnipeg Jets,Nelson Nogier,CA,D,18,11,27,31,58,-16,43
1843,2014,106,Detroit Red Wings,Christoffer Ehn,SE,C,18,114,27,67,94,-87,708
1845,2014,108,New York Islanders,Devon Toews,CA,D,20,235,27,44,71,-16,123
1847,2014,110,St. Louis Blues,Austin Poganski,US,W,18,22,27,33,60,-21,554
1849,2014,112,Nashville Predators,Viktor Arvidsson,SE,W,21,451,27,32,59,-21,71
1854,2014,117,Arizona Coyotes,Michael Bunting,CA,W,18,105,27,37,64,2,673
1856,2014,119,Tampa Bay Lightning,Ben Thomas,CA,D,18,5,27,38,65,-15,118
1858,2014,121,Buffalo Sabres,Maxwell Willman,US,C,19,41,27,33,60,-21,36
1863,2014,126,Vancouver Canucks,Gustav Forsling,SE,D,18,236,27,104,131,18,541
1864,2014,127,Carolina Hurricanes,Clark Bishop,CA,C,18,47,27,93,120,1,217
1865,2014,128,Toronto Maple Leafs,Dakota Joshua,US,C,18,42,27,95,122,-8,178
1866,2014,129,Winnipeg Jets,Clinston Franklin,US,W,20,4,27,101,128,-257,809
1870,2014,133,Arizona Coyotes,Dysin Mayo,CA,D,18,67,26,38,64,23,75
1875,2014,138,Philadelphia Flyers,Oskar Lindblom,SE,W,18,263,26,85,111,-45,704
1877,2014,140,New York Rangers,Daniel Walcott,CA,D,20,1,26,45,71,-52,2301
1881,2014,144,Colorado Avalanche,Anton Lindholm,SE,D,19,66,26,94,120,-22,1814
1882,2014,145,Pittsburgh Penguins,Anthony Angello,US,C,18,31,26,57,83,25,267
1883,2014,146,Boston Bruins,Anders Bjork,US,W,18,211,26,26,52,-17,4
1886,2014,149,San Jose Sharks,Rourke Chartier,CA,C,18,13,26,95,121,-80,766
1898,2014,161,New Jersey Devils,Brandon Baddock,CA,W,19,1,25,47,72,27,263
1908,2014,171,San Jose Sharks,Kevin Labanc,US,W,18,360,25,79,104,-59,410
1913,2014,176,St. Louis Blues,Samuel Blais,CA,W,18,133,25,98,123,39,541
1915,2014,178,Chicago Blackhawks,Dylan Sikura,CA,C,19,58,25,65,90,0,220
1918,2014,181,Buffalo Sabres,Victor Olofsson,SE,W,19,188,25,56,81,-14,146
1925,2014,188,Toronto Maple Leafs,Pierre Engvall,SE,W,18,168,24,29,53,-21,42
1942,2014,205,Anaheim Ducks,Ondrej Kase,CZ,W,18,257,24,108,132,-9,197
1947,2014,210,Los Angeles Kings,Jacob Middleton,CA,D,18,80,24,27,51,8,80
1948,2013,1,Colorado Avalanche,Nathan MacKinnon,CA,C,18,638,24,82,106,107,433
1949,2013,2,Florida Panthers,Aleksander Barkov,FI,C,18,596,23,34,57,-32,16
1950,2013,3,Tampa Bay Lightning,Jonathan Drouin,CA,W,18,427,23,22,45,-11,40
1951,2013,4,Nashville Predators,Seth Jones,US,D,18,658,23,24,47,-15,20
1952,2013,5,Carolina Hurricanes,Elias Lindholm,SE,C,18,663,23,16,39,-9,71
1953,2013,6,Calgary Flames,Sean Monahan,CA,C,18,656,23,36,59,-15,64
1954,2013,7,Edmonton Oilers,Darnell Nurse,CA,D,18,477,23,58,81,50,68
1955,2013,8,Buffalo Sabres,Rasmus Ristolainen,FI,D,18,608,23,93,116,81,421
1956,2013,9,Vancouver Canucks,Bo Horvat,CA,C,18,572,23,68,91,-38,192
1957,2013,10,Dallas Stars,Valeri Nichushkin,RU,W,18,405,23,44,67,1,64
1958,2013,11,Philadelphia Flyers,Samuel Morin,CA,D,18,29,23,27,50,-3,50
1960,2013,13,Winnipeg Jets,Josh Morrissey,CA,D,18,423,23,83,106,-3,683
1961,2013,14,Columbus Blue Jackets,Alexander Wennberg,SE,C,18,551,23,56,79,1,182
1962,2013,15,New York Islanders,Ryan Pulock,CA,D,18,346,23,47,70,-10,457
1963,2013,16,Buffalo Sabres,Nikita Zadorov,RU,D,18,485,23,19,42,-22,56
1965,2013,18,San Jose Sharks,Mirco Mueller,CH,D,18,185,23,90,113,45,369
1966,2013,19,Columbus Blue Jackets,Kerby Rychel,US,W,18,43,23,36,59,-40,159
1967,2013,20,Detroit Red Wings,Anthony Mantha,CA,W,18,353,23,37,60,-19,36
1968,2013,21,Toronto Maple Leafs,Frederik Gauthier,CA,C,18,178,23,80,103,-14,338
1969,2013,22,Calgary Flames,Emile Poirier,CA,W,18,8,23,23,46,-6,31
1970,2013,23,Washington Capitals,Andre Burakovsky,AT,W,18,519,23,20,43,-30,1082
1972,2013,25,Montreal Canadiens,Michael McCarron,US,W,18,126,23,36,59,9,12
1973,2013,26,Anaheim Ducks,Shea Theodore,CA,D,18,395,23,21,44,10,199
1974,2013,27,Columbus Blue Jackets,Marko Daňo,AT,C,18,141,23,33,56,-1,73
1975,2013,28,Calgary Flames,Morgan Klimchuk,CA,W,18,1,23,51,74,-34,306
1976,2013,29,Dallas Stars,Jason Dickinson,CA,C,18,283,23,46,69,-17,465
1977,2013,30,Chicago Blackhawks,Ryan Hartman,US,W,18,447,23,175,198,55,1241
1978,2013,31,Florida Panthers,Ian McCoshen,US,D,18,60,23,63,86,-45,39
1979,2013,32,Colorado Avalanche,Chris Bigras,CA,D,18,46,23,44,67,-42,263
1980,2013,33,Tampa Bay Lightning,Adam Erne,US,W,18,294,22,22,44,-15,24
1981,2013,34,Montreal Canadiens,Jacob de La Rose,SE,W,18,242,22,27,49,-7,44
1982,2013,35,Buffalo Sabres,J.T. Compher,US,W,18,341,22,122,144,9,67
1984,2013,37,Los Angeles Kings,Valentin Zykov,RU,W,18,55,22,55,77,0,80
1986,2013,39,Phoenix Coyotes,Laurent Dauphin,CA,C,18,73,22,31,53,-10,64
1987,2013,40,Dallas Stars,Remi Elie,CA,W,18,107,22,24,46,-7,30
1988,2013,41,Philadelphia Flyers,Robert Hagg,SE,D,18,300,22,26,48,-6,22
1989,2013,42,New Jersey Devils,Steven Santini,US,D,18,119,22,95,117,37,190
1990,2013,43,Winnipeg Jets,Nic Petan,CA,C,18,154,22,16,38,-21,34
1992,2013,45,Anaheim Ducks,Nick Sorensen,DK,W,18,5,22,101,123,51,380
1993,2013,46,Minnesota Wild,Gustav Olofsson,SE,D,18,59,22,59,81,-28,280
1997,2013,50,Columbus Blue Jackets,Dillon Heatherington,CA,D,18,20,22,53,75,-43,264
1998,2013,51,Chicago Blackhawks,Carl Dahlstrom,SE,D,18,67,22,33,55,-33,59
1999,2013,52,Buffalo Sabres,Justin Bailey,US,W,18,82,22,99,121,-3,335
2000,2013,53,Washington Capitals,Madison Bowey,CA,D,18,158,22,69,91,-26,99
2002,2013,55,Montreal Canadiens,Artturi Lehkonen,FI,W,18,412,22,137,159,-93,208
2004,2013,57,St. Louis Blues,William Carrier,CA,W,18,318,22,53,75,4,177
2005,2013,58,Detroit Red Wings,Tyler Bertuzzi,CA,W,18,276,22,36,58,-20,71
2008,2013,61,Washington Capitals,Zachary Sanford,US,W,18,289,22,24,46,-24,34
2013,2013,66,Carolina Hurricanes,Brett Pesce,US,D,18,475,21,49,70,60,227
2016,2013,69,Buffalo Sabres,Nicholas Baptiste,CA,W,18,47,21,75,96,-29,290
2019,2013,72,Philadelphia Flyers,Tyrell Goulbourne,CA,W,19,11,21,36,57,-9,76
2021,2013,74,Chicago Blackhawks,John Hayden,US,C,18,240,21,19,40,-21,89
2022,2013,75,New York Rangers,Pavel Buchnevich,RU,W,18,374,21,44,65,-24,550
2024,2013,77,Pittsburgh Penguins,Jake Guentzel,US,C,18,375,21,58,79,-61,460
2026,2013,79,Detroit Red Wings,Mattias Janmark,SE,C,20,420,21,137,158,-9,1089
2027,2013,80,New York Rangers,Anthony Duclair,CA,W,18,470,21,108,129,74,869
2028,2013,81,Minnesota Wild,Kurtis Gabriel,CA,W,20,51,21,104,125,55,622
2029,2013,82,Toronto Maple Leafs,Carter Verhaeghe,CA,C,18,173,21,32,53,-8,32
2030,2013,83,Edmonton Oilers,Bogdan Yakimov,RU,C,18,1,21,67,88,-7,120
2033,2013,86,Montreal Canadiens,Sven Andrighetto,CH,W,20,216,21,50,71,-43,321
2035,2013,88,Edmonton Oilers,Anton Slepyshev,RU,W,19,102,21,48,69,10,184
2036,2013,89,Columbus Blue Jackets,Oliver Bjorkstrand,DK,W,18,382,21,32,53,19,78
2037,2013,90,Boston Bruins,Peter Cehlarik,SK,W,18,40,21,76,97,-71,401
2038,2013,91,Winnipeg Jets,J.C. Lipon,CA,W,20,9,21,17,38,-14,25
2040,2013,93,Colorado Avalanche,Mason Geertsen,CA,D,18,25,21,90,111,-37,222
2047,2013,100,New Jersey Devils,Miles Wood,US,W,18,326,20,31,51,-27,58
2048,2013,101,Dallas Stars,Nicholas Paul,CA,W,18,248,20,44,64,-21,84
2049,2013,102,Ottawa Senators,Tobias Lindberg,SE,W,18,6,20,52,72,-21,171
2050,2013,103,Los Angeles Kings,Justin Auger,CA,W,19,2,20,93,113,-18,385
2051,2013,104,Winnipeg Jets,Andrew Copp,US,C,19,483,20,110,130,54,219
2055,2013,108,Ottawa Senators,Ben Harpur,CA,D,18,156,20,26,46,-24,73
2057,2013,110,New York Rangers,Ryan Graves,CA,D,18,224,20,33,53,-5,100
2065,2013,118,Los Angeles Kings,Hudson Fasching,US,W,18,38,20,33,53,5,85
2068,2013,121,Chicago Blackhawks,Tyler Motte,US,C,18,269,20,39,59,14,29
2070,2013,123,Colorado Avalanche,Will Butcher,US,D,18,275,20,80,100,29,217
2072,2013,125,Nashville Predators,Saku Maenalanen,FI,W,19,34,20,77,97,-140,604
2074,2013,127,Winnipeg Jets,Tucker Poolman,US,D,20,160,19,40,59,-22,71
2080,2013,133,Phoenix Coyotes,Connor Clifton,US,D,18,154,19,79,98,78,172
2081,2013,134,Chicago Blackhawks,Luke Johnson,US,C,18,32,19,85,104,-76,168
2084,2013,137,Minnesota Wild,Carson Soucy,CA,D,19,172,19,17,36,-36,778
2095,2013,148,Los Angeles Kings,Jonny Brodzinski,US,C,20,84,19,29,48,-23,134
2099,2013,152,Florida Panthers,Joshua Brown,CA,D,19,171,19,19,38,-6,451
2106,2013,159,Buffalo Sabres,Sean Malone,US,C,18,2,19,54,73,-19,176
2113,2013,166,New York Islanders,Alan Quine,CA,C,20,106,19,60,79,-14,365
2121,2013,174,Washington Capitals,Brian Pinho,US,C,18,2,18,19,37,-13,18
2127,2013,180,Boston Bruins,Anton Blidh,SE,W,18,70,18,36,54,2,60
2133,2013,186,Tampa Bay Lightning,Joel Vermin,CH,W,21,24,18,15,33,4,12
2138,2013,191,Los Angeles Kings,Dominik Kubalik,CZ,W,18,202,18,53,71,-27,122
2143,2013,196,New York Islanders,Kyle Burroughs,CA,D,18,47,18,147,165,8,661
2145,2013,198,Calgary Flames,John Gilmour,CA,D,20,37,18,80,98,-19,1374
2149,2013,202,Toronto Maple Leafs,Andreas Johnson,SE,W,18,246,18,73,91,-20,282
2151,2013,204,Washington Capitals,Tyler Lewington,CA,D,18,12,18,18,36,-9,12
2153,2013,206,Florida Panthers,MacKenzie Weegar,CA,D,19,306,18,43,61,-24,58
2159,2012,1,Edmonton Oilers,Nail Yakupov,RU,W,18,350,18,13,31,-25,30
2160,2012,2,Columbus Blue Jackets,Ryan Murray,CA,D,18,432,18,19,37,-16,18
2161,2012,3,Montreal Canadiens,Alex Galchenyuk,US,C,18,643,18,77,95,-44,745
2162,2012,4,New York Islanders,Griffin Reinhart,CA,D,18,37,18,37,55,-75,191
2163,2012,5,Toronto Maple Leafs,Morgan Rielly,CA,D,18,654,18,23,41,-35,117
2164,2012,6,Anaheim Ducks,Hampus Lindholm,SE,D,18,591,18,17,35,-52,35
2165,2012,7,Minnesota Wild,Mathew Dumba,CA,D,18,519,17,23,40,11,18
2166,2012,8,Pittsburgh Penguins,Derrick Pouliot,CA,D,18,213,17,25,42,-25,28
2167,2012,9,Winnipeg Jets,Jacob Trouba,US,D,18,597,17,34,51,-34,71
2168,2012,10,Tampa Bay Lightning,Slater Koekkoek,CA,D,18,186,17,34,51,-21,32
2169,2012,11,Washington Capitals,Filip Forsberg,SE,C,18,566,17,55,72,-3,34
2170,2012,12,Buffalo Sabres,Mikhail Grigorenko,RU,C,18,249,17,11,28,-17,101
2171,2012,13,Dallas Stars,Radek Faksa,CZ,C,18,483,17,54,71,26,42
2172,2012,14,Buffalo Sabres,Zemgus Girgensons,LV,C,18,545,17,22,39,1,61
2173,2012,15,Ottawa Senators,Cody Ceci,CA,D,18,627,17,27,44,-7,34
2174,2012,16,Washington Capitals,Tom Wilson,CA,W,18,647,17,37,54,-27,14
2175,2012,17,San Jose Sharks,Tomas Hertl,CZ,C,18,585,17,31,48,0,18
2176,2012,18,Chicago Blackhawks,Teuvo Teravainen,FI,W,18,526,17,18,35,-3,44
2178,2012,20,Philadelphia Flyers,Scott Laughton,CA,C,18,441,17,59,76,-15,85
2179,2012,21,Calgary Flames,Mark Jankowski,CA,C,18,272,17,68,85,-18,114
2180,2012,22,Pittsburgh Penguins,Olli Maatta,FI,D,18,534,17,63,80,-10,663
2181,2012,23,Florida Panthers,Michael Matheson,CA,D,18,417,17,125,142,-37,701
2183,2012,25,St. Louis Blues,Jordan Schmaltz,US,D,18,42,17,38,55,-34,168
2184,2012,26,Vancouver Canucks,Brendan Gaunce,CA,C,18,148,17,40,57,4,114
2186,2012,28,New York Rangers,Brady Skjei,US,D,18,448,17,11,28,-4,24
2187,2012,29,New Jersey Devils,Stefan Matteau,US,W,18,92,17,60,77,-5,748
2188,2012,30,Los Angeles Kings,Tanner Pearson,CA,W,20,576,17,49,66,4,385
2194,2012,36,Anaheim Ducks,Nicolas Kerdiles,US,W,18,3,17,38,55,-15,56
2195,2012,37,Nashville Predators,Pontus Aberg,SE,W,18,132,17,26,43,-31,83
2196,2012,38,Carolina Hurricanes,Phillip Di Giuseppe,CA,W,18,201,17,22,39,-41,2113
2200,2012,42,Calgary Flames,Patrick Sieloff,US,D,18,2,17,22,39,-41,2113
2202,2012,44,Buffalo Sabres,Jake McCabe,US,D,18,428,17,25,42,15,49
2205,2012,47,Carolina Hurricanes,Brock McGinn,CA,W,18,409,17,72,89,60,1556
2207,2012,49,Detroit Red Wings,Martin Frk,CZ,W,18,124,17,21,38,-21,34
2208,2012,50,Nashville Predators,Colton Sissons,CA,C,18,455,17,110,127,-46,440
2210,2012,52,Pittsburgh Penguins,Teddy Blueger,LV,C,18,205,17,88,105,142,309
2213,2012,55,San Jose Sharks,Chris Tierney,CA,C,18,561,17,20,37,-15,34
2216,2012,58,Phoenix Coyotes,Jordan Martinook,CA,W,20,477,16,25,41,-8,16
2217,2012,59,New York Rangers,Cristoval Nieves,US,C,18,76,16,18,34,-42,39
2218,2012,60,New Jersey Devils,Damon Severson,CA,D,18,566,16,43,59,51,201
2219,2012,61,Dallas Stars,Devin Shore,CA,C,18,375,16,96,112,29,146
2221,2012,63,Edmonton Oilers,Jujhar Khaira,CA,W,18,285,16,37,53,-12,73
2223,2012,65,New York Islanders,Adam Pelech,CA,D,18,381,16,60,76,7,195
2224,2012,66,Nashville Predators,Jimmy Vesey,US,W,19,422,16,23,39,-13,37
2225,2012,67,St. Louis Blues,Mackenzie MacEachern,US,W,18,115,16,70,86,-3,233
2228,2012,70,Winnipeg Jets,Scott Kosmachuk,CA,W,18,8,16,57,73,62,694
2229,2012,71,Tampa Bay Lightning,Tanner Richard,CA,C,19,3,16,33,49,-11,14
2232,2012,74,Dallas Stars,Esa Lindell,FI,D,18,440,16,24,40,-20,94
2236,2012,78,Philadelphia Flyers,Shayne Gostisbehere,US,D,19,463,16,22,38,-27,146
2239,2012,81,Pittsburgh Penguins,Oskar Sundqvist,SE,C,18,288,16,55,71,14,633
2243,2012,85,Boston Bruins,Matthew Grzelcyk,US,D,18,307,16,36,52,-1,112
2244,2012,86,St. Louis Blues,Colton Parayko,CA,D,19,498,16,15,31,-7,24
2247,2012,89,Nashville Predators,Brendan Leipsic,CA,W,18,187,16,39,55,4,52
2251,2012,93,Edmonton Oilers,Erik Gustafsson,SE,D,20,309,16,33,49,-8,298
2253,2012,95,Columbus Blue Jackets,Josh Anderson,CA,W,18,388,16,33,49,2,47
2254,2012,96,New Jersey Devils,Ben Thomson,CA,W,19,3,16,19,35,-9,163
2255,2012,97,Anaheim Ducks,Kevin Roy,CA,C,19,28,16,90,106,-60,695
2258,2012,100,Washington Capitals,Thomas Di Pauli,US,C,18,2,16,9,25,-27,512
2259,2012,101,Tampa Bay Lightning,Cedric Paquette,CA,C,19,448,16,52,68,78,640
2262,2012,104,Dallas Stars,Gemel Smith,CA,C,18,91,16,76,92,-33,632
2263,2012,105,Calgary Flames,Brett Kulak,CA,D,18,334,16,36,52,-21,67
2273,2012,115,Carolina Hurricanes,Trevor Carrick,CA,D,18,7,15,18,33,-6,93
2275,2012,117,Philadelphia Flyers,Taylor Leier,CA,W,18,55,15,31,46,-7,174
2278,2012,120,Carolina Hurricanes,Jaccob Slavin,US,D,18,508,15,18,33,-8,53
2279,2012,121,Los Angeles Kings,Nikolai Prokhorkin,RU,W,18,43,15,21,36,-11,48
2280,2012,122,Montreal Canadiens,Charles Hudon,CA,W,18,125,15,24,39,-1,110
2284,2012,126,Toronto Maple Leafs,Dominic Toninato,US,C,18,164,15,56,71,2,98
2287,2012,129,Carolina Hurricanes,Brendan Woods,CA,W,20,7,15,39,54,-17,865
2289,2012,131,Boston Bruins,Seth Griffith,CA,C,19,80,15,19,34,-58,769
2295,2012,137,Washington Capitals,Connor Carrick,US,D,18,241,15,57,72,27,1382
2296,2012,138,San Jose Sharks,Daniel O'Regan,DE,C,18,30,15,27,42,-28,52
2305,2012,147,Vancouver Canucks,Ben Hutton,CA,D,19,437,15,74,89,-48,139
2308,2012,150,New Jersey Devils,Alexander Kerfoot,CA,C,18,360,14,12,26,7,26
2309,2012,151,Los Angeles Kings,Colin Miller,CA,D,19,387,14,23,37,-25,24
2314,2012,156,Toronto Maple Leafs,Connor Brown,CA,W,18,444,14,12,26,-16,225
2316,2012,158,Minnesota Wild,Christoph Bertschy,CH,C,18,9,14,30,44,-19,24
2319,2012,161,Tampa Bay Lightning,Jake Dotchin,CA,D,18,103,14,42,56,2,115
2325,2012,167,Washington Capitals,Riley Barber,US,W,18,16,14,27,41,-6,725
2327,2012,169,Chicago Blackhawks,Vincent Hinostroza,US,C,18,334,14,16,30,-11,78
2329,2012,171,Los Angeles Kings,Tomas Hyka,CZ,W,19,27,14,9,23,-7,55
2333,2012,175,Boston Bruins,Matthew Benning,CA,D,18,366,14,63,77,-12,323
2334,2012,176,St. Louis Blues,Petteri Lindbohm,FI,D,18,49,14,28,42,-41,125
2339,2012,181,Los Angeles Kings,Paul Ladue,US,D,20,70,14,14,28,-11,131
2343,2012,185,New York Islanders,Jake Bischoff,US,D,18,4,14,49,63,-3,262
2350,2012,192,Colorado Avalanche,Colin Smith,CA,C,19,1,14,52,66,-23,325
2351,2012,193,Buffalo Sabres,Brady Austin,CA,D,19,5,14,66,80,-82,86
2353,2012,195,Washington Capitals,Christian Djoos,SE,D,18,155,14,92,106,-27,637
2356,2012,198,San Jose Sharks,Joakim Ryan,US,D,19,145,14,87,101,-93,788
2360,2012,202,Tampa Bay Lightning,Nikita Gusev,RU,W,20,97,13,9,22,-22,10
2367,2012,209,Toronto Maple Leafs,Viktor Loov,SE,D,19,4,13,18,31,-9,47
2368,2012,210,Anaheim Ducks,Jaycob Megna,US,D,19,87,13,25,38,-29,84
2370,2011,1,Edmonton Oilers,Ryan Nugent-Hopkins,CA,C,18,719,13,17,30,-4,12
2371,2011,2,Colorado Avalanche,Gabriel Landeskog,SE,W,18,738,13,9,22,5,32
2372,2011,3,Florida Panthers,Jonathan Huberdeau,CA,C,18,671,13,78,91,27,108
2373,2011,4,New Jersey Devils,Adam Larsson,SE,D,18,685,13,12,25,-1,20
2374,2011,5,New York Islanders,Ryan Strome,CA,C,18,621,13,11,24,-25,77
2375,2011,6,Ottawa Senators,Mika Zibanejad,SE,C,18,685,13,73,86,4,314
2376,2011,7,Winnipeg Jets,Mark Scheifele,CA,C,18,642,13,79,92,6,916
2377,2011,8,Philadelphia Flyers,Sean Couturier,US,C,18,721,13,17,30,-30,297
2378,2011,9,Boston Bruins,Dougie Hamilton,CA,D,18,669,13,11,24,-4,30
2379,2011,10,Minnesota Wild,Jonas Brodin,SE,D,18,681,13,24,37,-22,223
2380,2011,11,Colorado Avalanche,Duncan Siemens,CA,D,18,20,13,19,32,-8,60
2381,2011,12,Carolina Hurricanes,Ryan Murphy,CA,D,18,175,13,55,68,26,482
2382,2011,13,Calgary Flames,Sven Baertschi,CH,W,18,292,13,55,68,46,173
2383,2011,14,Dallas Stars,Jamie Oleksiak,CA,D,18,441,13,14,27,1,48
2384,2011,15,New York Rangers,J.T. Miller,US,C,18,637,13,17,30,-12,57
2385,2011,16,Buffalo Sabres,Joel Armia,FI,W,18,396,13,42,55,-82,811
2386,2011,17,Montreal Canadiens,Nathan Beaulieu,CA,D,18,419,13,57,70,-53,165
2387,2011,18,Chicago Blackhawks,Mark McNeill,CA,C,18,2,13,27,40,-9,90
2388,2011,19,Edmonton Oilers,Oscar Klefbom,SE,D,18,378,13,20,33,-28,316
2389,2011,20,Phoenix Coyotes,Connor Murphy,US,D,18,551,13,21,34,-23,62
2390,2011,21,Ottawa Senators,Stefan Noesen,US,W,18,207,13,14,27,-14,63
2392,2011,23,Pittsburgh Penguins,Joseph Morrow,CA,D,18,162,13,23,36,3,101
2393,2011,24,Ottawa Senators,Matt Puempel,CA,W,18,87,13,70,83,47,457
2394,2011,25,Toronto Maple Leafs,Stuart Percy,CA,D,18,12,13,41,54,-73,2242
2395,2011,26,Chicago Blackhawks,Phillip Danault,CA,W,18,471,13,46,59,-26,16
2396,2011,27,Tampa Bay Lightning,Vladislav Namestnikov,RU,C,18,553,13,29,42,55,786
2398,2011,29,Vancouver Canucks,Nicklas Jensen,DK,W,18,31,13,70,83,-36,254
2399,2011,30,Anaheim Ducks,Rickard Rakell,SE,W,18,569,13,22,35,-5,33
2400,2011,31,Edmonton Oilers,David Musil,CA,D,18,4,13,44,57,-61,689
2401,2011,32,St. Louis Blues,Ty Rattie,CA,W,18,99,13,24,37,7,154
2402,2011,33,Florida Panthers,Rocco Grimaldi,US,C,18,203,13,16,29,9,26
2403,2011,34,New York Islanders,Scott Mayfield,US,D,18,346,13,18,31,3,68
2404,2011,35,Detroit Red Wings,Tomas Jurco,SK,W,18,221,13,7,20,-45,44
2405,2011,36,Chicago Blackhawks,Adam Clendening,US,D,18,90,13,15,28,0,34
2406,2011,37,Columbus Blue Jackets,Boone Jenner,CA,C,18,589,13,60,73,-22,1127
2409,2011,40,Boston Bruins,Alexander Khokhlachev,RU,C,18,9,12,20,32,32,44
2410,2011,41,St. Louis Blues,Dmitrij Jaskin,RU,W,18,315,12,23,35,-12,24
2411,2011,42,Carolina Hurricanes,Victor Rask,SE,C,18,506,12,5,17,-1,12
2412,2011,43,Chicago Blackhawks,Brandon Saad,US,W,18,710,12,11,23,-3,137
2413,2011,44,Dallas Stars,Brett Ritchie,CA,W,18,341,12,10,22,-25,12
2414,2011,45,Calgary Flames,Markus Granlund,FI,C,18,335,12,19,31,-10,58
2415,2011,46,St. Louis Blues,Joel Edmundson,CA,D,18,416,12,51,63,-15,100
2416,2011,47,San Jose Sharks,Matthew Nieto,US,W,18,570,12,15,27,-14,41
2417,2011,48,Detroit Red Wings,Xavier Ouellet,FR,D,18,178,12,13,25,1,58
2419,2011,50,New York Islanders,Johan Sundstrom,SE,C,18,11,12,82,94,9,301
2421,2011,52,Nashville Predators,Miikka Salomaki,FI,W,18,167,12,26,38,-6,39
2422,2011,53,Anaheim Ducks,William Karlsson,SE,C,18,533,12,85,97,-10,130
2423,2011,54,Pittsburgh Penguins,Scott Harrington,CA,D,18,210,12,3,15,-2,20
2424,2011,55,Detroit Red Wings,Ryan Sproul,CA,D,18,44,12,67,79,10,259
2425,2011,56,Phoenix Coyotes,Lucas Lessio,CA,W,18,41,12,10,22,-6,24
2426,2011,57,Calgary Flames,Tyler Wotherspoon,CA,D,18,30,12,16,28,-9,78
2427,2011,58,Tampa Bay Lightning,Nikita Kucherov,RU,W,18,562,12,18,30,-3,16
2430,2011,61,Ottawa Senators,Shane Prince,US,C,18,128,12,26,38,-16,18
2432,2011,63,New York Islanders,Andrey Pedan,LT,D,18,13,12,14,26,-18,68
2433,2011,64,Florida Panthers,Vincent Trocheck,US,C,18,555,12,11,23,-3,8
2434,2011,65,Anaheim Ducks,Joseph Cramarossa,CA,C,18,64,12,50,62,-9,230
2435,2011,66,Columbus Blue Jackets,T.J. Tynan,US,C,19,21,12,26,38,-42,50
2436,2011,67,Winnipeg Jets,Adam Lowry,US,W,18,539,12,12,24,-25,78
2437,2011,68,Philadelphia Flyers,Nick Cousins,CA,C,18,444,12,27,39,-13,70
2439,2011,70,Chicago Blackhawks,Michael Paliotta,US,D,18,2,12,23,35,-16,812
2441,2011,72,New York Rangers,Steven Fogarty,US,C,18,29,12,17,29,-5,62
2442,2011,73,Carolina Hurricanes,Keegan Lowe,US,D,18,4,12,3,15,-10,14
2444,2011,75,New Jersey Devils,Blake Coleman,US,C,19,382,12,20,32,7,27
2445,2011,76,Florida Panthers,Logan Shaw,CA,W,19,232,12,41,53,-71,316
2446,2011,77,Buffalo Sabres,Daniel Catenacci,CA,C,18,12,12,3,15,-10,14
2448,2011,79,Chicago Blackhawks,Klas Dahlbeck,SE,D,20,170,12,19,31,-8,16
2449,2011,80,Los Angeles Kings,Andy Andreoff,CA,W,20,185,12,20,32,2,65
2451,2011,82,Los Angeles Kings,Nick Shore,US,C,18,299,12,19,31,-25,364
2452,2011,83,Anaheim Ducks,Andy Welinski,US,D,18,46,12,6,18,7,58
2454,2011,85,Detroit Red Wings,Alan Quine,CA,C,18,106,12,7,19,-18,88
2455,2011,86,Toronto Maple Leafs,Josh Leivo,CA,W,18,214,12,64,76,27,113
2456,2011,87,Florida Panthers,Jonathan Racine,CA,D,18,1,12,11,23,10,259
2459,2011,90,Vancouver Canucks,Alexandre Grenier,CA,W,20,9,12,107,119,103,530
2460,2011,91,Florida Panthers,Kyle Rau,US,C,18,61,12,51,63,133,101
2461,2011,92,Edmonton Oilers,Dillon Simpson,CA,D,18,3,12,5,17,-23,155
2464,2011,95,New York Islanders,Robbie Russo,US,D,18,19,12,72,84,-14,528
2465,2011,96,Ottawa Senators,Jean-Gabriel Pageau,CA,C,18,566,11,21,32,2,10
2467,2011,98,Columbus Blue Jackets,Mike Reilly,US,D,18,329,11,14,25,2,25
2468,2011,99,New Jersey Devils,Reid Boucher,US,W,18,133,11,11,22,1,10
2470,2011,101,Vancouver Canucks,Joseph Labate,US,C,18,13,11,15,26,-21,30
2472,2011,103,Carolina Hurricanes,Gregory Hofmann,CH,C,18,24,11,21,32,-17,81
2473,2011,104,Calgary Flames,John Gaudreau,US,W,18,602,11,12,23,-5,59
2479,2011,110,Los Angeles Kings,Michael Mersch,US,W,18,17,11,65,76,78,137
2483,2011,114,Edmonton Oilers,Tobias Rieder,DE,C,18,478,11,61,72,-30,245
2490,2011,121,Boston Bruins,Brian Ferlin,US,W,19,7,11,8,19,2,12
2494,2011,125,New York Islanders,John Persson,SE,W,19,10,11,17,28,-25,52
2495,2011,126,Ottawa Senators,Fredrik Claesson,SE,D,18,170,11,20,31,15,70
2498,2011,129,New Jersey Devils,Blake Pietila,US,W,18,38,11,21,32,-5,48
2500,2011,131,Minnesota Wild,Nick Seeler,US,D,18,148,11,53,64,-84,905
2502,2011,133,San Jose Sharks,Sean Kuraly,US,C,18,347,11,7,18,-5,379
2507,2011,138,Montreal Canadiens,Darren Dietz,CA,D,18,13,11,53,64,-37,157
2508,2011,139,Chicago Blackhawks,Andrew Shaw,CA,C,20,544,11,7,18,-1,20
2512,2011,143,Anaheim Ducks,Max Friberg,SE,W,18,6,11,26,37,-18,81
2513,2011,144,Pittsburgh Penguins,Dominik Uher,CZ,C,18,2,11,23,34,-23,92
2517,2011,148,Tampa Bay Lightning,Nikita Nesterov,RU,D,18,170,11,31,42,-39,178
2519,2011,150,Vancouver Canucks,Frank Corrado,CA,D,18,76,11,46,57,-73,282
2520,2011,151,Boston Bruins,Rob O'Gara,US,D,18,33,11,14,25,0,14
2521,2011,152,Toronto Maple Leafs,David Broll,CA,W,18,5,11,17,28,-28,33
2527,2011,158,Columbus Blue Jackets,Lukas Sedlak,CZ,C,18,162,10,44,54,-32,72
2529,2011,160,Anaheim Ducks,Josh Manson,CA,D,19,475,10,20,30,-50,28
2539,2011,170,Nashville Predators,Chase Balisy,US,C,19,8,10,21,31,-26,78
2540,2011,171,Ottawa Senators,Max McCormick,US,W,19,93,10,18,28,-5,22
2546,2011,177,Washington Capitals,Travis Boyd,US,C,18,198,10,13,23,-1,131
2548,2011,179,San Jose Sharks,Dylan Demelo,CA,D,18,397,10,12,22,-7,39
2553,2011,184,Florida Panthers,Iiro Pakarinen,FI,W,20,134,10,15,25,-1,38
2560,2011,191,Minnesota Wild,Tyler Graovac,CA,C,18,84,10,38,48,-29,92
2562,2011,193,Carolina Hurricanes,Brody Sutter,CA,C,19,12,10,32,42,-45,1182
2563,2011,194,San Jose Sharks,Colin Blackwell,US,C,18,138,10,10,20,-35,702
2564,2011,195,Dallas Stars,Jyrki Jokipakka,FI,D,20,150,10,10,20,-20,51
2568,2011,199,Chicago Blackhawks,Alex Broadhurst,US,C,18,2,10,63,73,-1,291
2570,2011,201,Tampa Bay Lightning,Matthew Peca,CA,C,18,83,10,39,49,-72,168
2573,2011,204,Ottawa Senators,Ryan Dzingel,US,C,19,404,10,13,23,1,29
2574,2011,205,Detroit Red Wings,Alexei Marchenko,RU,D,19,121,10,19,29,2,316
2577,2011,208,Tampa Bay Lightning,Ondrej Palat,CZ,W,20,628,10,5,15,6,0
2581,2010,1,Edmonton Oilers,Taylor Hall,CA,W,18,761,10,23,33,-119,728
2582,2010,2,Boston Bruins,Tyler Seguin,CA,C,18,825,10,12,22,-18,8
2583,2010,3,Florida Panthers,Erik Gudbranson,CA,D,18,641,10,15,25,-27,37
2584,2010,4,Columbus Blue Jackets,Ryan Johansen,CA,C,18,787,10,11,21,-11,105
2585,2010,5,New York Islanders,Nino Niederreiter,CH,W,18,732,9,9,18,-3,12
2586,2010,6,Tampa Bay Lightning,Brett Connolly,CA,W,18,536,9,7,16,-14,26
2587,2010,7,Carolina Hurricanes,Jeff Skinner,CA,C,18,853,9,13,22,-4,12
2588,2010,8,Atlanta Thrashers,Alexander Burmistrov,RU,C,18,348,9,14,23,-1,14
2589,2010,9,Minnesota Wild,Mikael Granlund,FI,C,18,671,9,22,31,-12,45
2590,2010,10,New York Rangers,Dylan McIlrath,CA,D,18,66,9,70,79,47,167
2592,2010,12,Anaheim Ducks,Cam Fowler,CA,D,18,811,9,23,32,-12,62
2593,2010,13,Phoenix Coyotes,Brandon Gormley,CA,D,18,58,9,28,37,-10,101
2594,2010,14,St. Louis Blues,Jaden Schwartz,CA,C,18,597,9,55,64,43,111
2595,2010,15,Los Angeles Kings,Derek Forbort,US,D,18,407,9,8,17,-1,44
2596,2010,16,St. Louis Blues,Vladimir Tarasenko,RU,W,18,606,9,14,23,-24,82
2597,2010,17,Colorado Avalanche,Joey Hishon,CA,C,18,13,9,17,26,-20,30
2598,2010,18,Nashville Predators,Austin Watson,US,W,18,407,9,28,37,-9,46
2599,2010,19,Florida Panthers,Nick Bjugstad,US,C,18,540,9,29,38,12,50
2600,2010,20,Pittsburgh Penguins,Beau Bennett,US,W,18,200,9,11,20,-7,36
2601,2010,21,Detroit Red Wings,Riley Sheahan,CA,C,18,635,9,44,53,-43,437
2602,2010,22,Montreal Canadiens,Jarred Tinordi,US,D,18,109,9,26,35,-9,48
2603,2010,23,Buffalo Sabres,Mark Pysyk,CA,D,18,521,9,8,17,-36,197
2604,2010,24,Chicago Blackhawks,Kevin Hayes,US,W,18,553,9,2,11,0,6
2605,2010,25,Florida Panthers,Quinton Howden,CA,C,18,97,9,12,21,-9,172
2606,2010,26,Washington Capitals,Evgeny Kuznetsov,RU,C,18,599,9,46,55,3,149
2609,2010,29,Anaheim Ducks,Emerson Etem,US,W,18,173,9,5,14,-8,182
2610,2010,30,New York Islanders,Brock Nelson,US,C,18,676,9,5,14,-4,10
2611,2010,31,Edmonton Oilers,Tyler Pitlick,US,C,18,325,9,32,41,-9,96
2613,2010,33,Florida Panthers,John McFarland,CA,W,18,3,9,23,32,8,60
2614,2010,34,Columbus Blue Jackets,Dalton Smith,CA,W,18,1,9,11,20,-21,36
2616,2010,36,Florida Panthers,Alex Petrovic,CA,D,18,263,9,22,31,-25,94
2617,2010,37,Carolina Hurricanes,Justin Faulk,US,D,18,760,9,20,29,-6,193
2618,2010,38,New Jersey Devils,Jon Merrill,US,D,18,474,9,56,65,2,537
2619,2010,39,Minnesota Wild,Brett Bulmer,CA,W,18,17,9,2,11,-9,16
2620,2010,40,New York Rangers,Christian Thomas,CA,W,18,27,9,19,28,-12,36
2621,2010,41,Dallas Stars,Patrik Nemeth,SE,D,18,429,9,15,24,-1,58
2622,2010,42,Anaheim Ducks,Devante Smith-Pelly,CA,W,18,395,9,13,22,-3,20
2625,2010,45,Boston Bruins,Ryan Spooner,CA,C,18,325,9,14,23,-31,135
2626,2010,46,Edmonton Oilers,Martin Marincin,SK,D,18,227,9,9,18,-5,10
2627,2010,47,Los Angeles Kings,Tyler Toffoli,CA,C,18,651,9,5,14,-3,16
2628,2010,48,Edmonton Oilers,Curtis Hamilton,US,W,18,1,9,12,21,-54,152
2630,2010,50,Florida Panthers,Connor Brickley,US,C,18,81,9,18,27,-34,53
2631,2010,51,Detroit Red Wings,Calle Jarnkrok,SE,C,18,574,9,22,31,-26,95
2633,2010,53,Carolina Hurricanes,Mark Alt,US,D,18,20,9,13,22,-6,67
2634,2010,54,Chicago Blackhawks,Justin Holl,US,D,18,205,9,34,43,32,163
2635,2010,55,Columbus Blue Jackets,Petr Straka,CZ,W,18,3,9,13,22,-10,22
2636,2010,56,Minnesota Wild,Johan Larsson,SE,W,18,488,9,16,25,2,58
2637,2010,57,Phoenix Coyotes,Oscar Lindberg,SE,C,18,252,9,12,21,-8,27
2639,2010,59,Minnesota Wild,Jason Zucker,US,W,18,550,9,13,22,-8,108
2640,2010,60,Chicago Blackhawks,Stephen Johns,US,D,18,167,9,40,49,-38,1030
2642,2010,62,Toronto Maple Leafs,Greg McKegg,CA,C,18,233,9,15,24,-18,29
2644,2010,64,Calgary Flames,Max Reinhart,CA,C,18,23,9,22,31,13,256
2646,2010,66,Tampa Bay Lightning,Radko Gudas,CZ,D,20,610,9,19,28,4,0
2647,2010,67,Carolina Hurricanes,Danny Biega,CA,D,18,10,9,10,19,-16,59
2650,2010,70,Los Angeles Kings,Jordan Weal,CA,C,18,218,9,11,20,-6,35
2651,2010,71,Colorado Avalanche,Michael Bournival,CA,W,18,113,9,30,39,-141,284
2660,2010,80,Pittsburgh Penguins,Bryan Rust,US,W,18,424,8,35,43,-27,54
2666,2010,86,Washington Capitals,Stanislav Galiev,RU,W,18,26,8,40,48,-12,157
2667,2010,87,Atlanta Thrashers,Julian Melchiori,CA,D,18,30,8,5,13,-4,16
2669,2010,89,Philadelphia Flyers,Michael Chaput,CA,C,18,182,8,8,16,-12,20
2670,2010,90,Chicago Blackhawks,Joakim Nordstrom,SE,C,18,444,8,5,13,3,34
2677,2010,97,Boston Bruins,Craig Cunningham,CA,W,20,63,8,2,10,-16,234
2679,2010,99,Florida Panthers,Joonas Donskoi,FI,W,18,474,8,11,19,-5,34
2683,2010,103,Calgary Flames,John Ramage,CA,D,19,2,8,25,33,-38,1263
2684,2010,104,St. Louis Blues,Jani Hakanpaa,FI,D,18,142,8,14,22,-22,73
2685,2010,105,Carolina Hurricanes,Justin Shugg,CA,W,18,3,8,27,35,9,38
2686,2010,106,Ottawa Senators,Marcus Sorensen,SE,W,18,226,8,12,20,-24,44
2688,2010,108,Calgary Flames,Bill Arnold,US,C,18,1,8,25,33,-12,44
2690,2010,110,Pittsburgh Penguins,Tom Kuhnhackl,DE,C,18,232,8,6,14,-11,12
2691,2010,111,Detroit Red Wings,Teemu Pulkkinen,FI,W,18,83,8,10,18,-11,471
2696,2010,116,Toronto Maple Leafs,Petter Granberg,SE,D,18,45,8,12,20,8,116
2697,2010,117,Montreal Canadiens,Morgan Ellis,CA,D,18,3,8,24,32,4,40
2699,2010,119,Philadelphia Flyers,Tye McGinn,CA,W,20,89,8,69,77,-48,1745
2702,2010,122,Anaheim Ducks,Chris Wagner,US,C,19,359,8,40,48,-21,52
2703,2010,123,Florida Panthers,Zach Hyman,CA,C,18,421,8,4,12,-18,166
2709,2010,129,San Jose Sharks,Freddie Hamilton,CA,C,18,75,8,4,12,-20,130
2711,2010,131,Dallas Stars,John Klingberg,SE,D,18,552,8,33,41,-61,146
2712,2010,132,Anaheim Ducks,Tim Heed,SE,D,19,105,8,7,15,-6,46
2713,2010,133,Calgary Flames,Micheal Ferland,CA,W,18,335,8,10,18,1,30
2715,2010,135,Boston Bruins,Justin Florek,US,W,20,4,8,27,35,-69,209
2720,2010,140,Pittsburgh Penguins,Kenny Agostino,US,W,18,86,8,25,33,-57,59
2724,2010,144,Toronto Maple Leafs,Sam Carrick,CA,C,18,111,8,4,12,-4,6
2727,2010,147,Montreal Canadiens,Brendan Gallagher,CA,W,18,638,8,10,18,-13,10
2728,2010,148,Los Angeles Kings,Kevin Gravel,US,D,18,109,8,35,43,-64,141
2734,2010,154,Columbus Blue Jackets,Dalton Prout,CA,D,20,264,7,10,17,-31,57
2737,2010,157,New York Rangers,Jesper Fast,SE,W,18,550,7,7,14,-5,12
2742,2010,162,Edmonton Oilers,Brandon Davidson,CA,D,19,180,7,10,17,-2,10
2748,2010,168,Nashville Predators,Anthony Bitetto,US,D,20,197,7,21,28,-7,62
2752,2010,172,Vancouver Canucks,Alex Friesen,CA,C,19,1,7,10,17,-9,12
2758,2010,178,Ottawa Senators,Mark Stone,CA,W,18,541,7,10,17,-18,65
2773,2010,193,Calgary Flames,Patrick Holland,CA,W,18,5,7,43,50,-28,584
2778,2010,198,Nashville Predators,Joonas Rask,FI,C,20,2,7,51,58,-16,164
2789,2010,209,Philadelphia Flyers,Brendan Ranford,CA,W,18,1,7,30,37,-15,38
2790,2010,210,Boston Bruins,Zach Trotman,US,D,20,91,7,15,22,5,44
2791,2009,1,New York Islanders,John Tavares,CA,C,18,949,7,11,18,-7,78
2792,2009,2,Tampa Bay Lightning,Victor Hedman,SE,D,18,898,7,6,13,-9,23
2793,2009,3,Colorado Avalanche,Matt Duchene,CA,C,18,905,7,25,32,-21,129
2794,2009,4,Atlanta Thrashers,Evander Kane,CA,W,18,812,7,22,29,11,153
2795,2009,5,Los Angeles Kings,Brayden Schenn,CA,C,18,776,7,48,55,15,138
2796,2009,6,Phoenix Coyotes,Oliver Ekman-Larsson,SE,D,18,848,7,26,33,-12,34
2797,2009,7,Toronto Maple Leafs,Nazem Kadri,CA,C,18,739,7,13,20,-15,10
2798,2009,8,Dallas Stars,Scott Glennie,CA,W,18,1,7,8,15,-4,61
2799,2009,9,Ottawa Senators,Jared Cowen,CA,D,18,249,7,13,20,-4,23
2800,2009,10,Edmonton Oilers,Magnus Paajarvi,SE,W,18,467,7,18,25,-3,36
2801,2009,11,Nashville Predators,Ryan Ellis,CA,D,18,566,7,33,40,-14,1461
2802,2009,12,New York Islanders,Calvin de Haan,CA,D,18,520,7,11,18,-10,148
2803,2009,13,Buffalo Sabres,Zack Kassian,CA,W,18,610,7,15,22,1,10
2804,2009,14,Florida Panthers,Dmitry Kulikov,RU,D,18,805,7,9,16,-18,29
2805,2009,15,Anaheim Ducks,Peter Holland,CA,C,18,266,7,17,24,-13,28
2806,2009,16,Minnesota Wild,Nick Leddy,US,D,18,851,7,10,17,-14,32
2807,2009,17,St. Louis Blues,David Rundblad,SE,D,18,113,7,29,36,-27,468
2808,2009,18,Montreal Canadiens,Louis Leblanc,CA,C,18,50,7,10,17,-26,34
2809,2009,19,New York Rangers,Chris Kreider,US,C,18,654,7,3,10,3,0
2810,2009,20,New Jersey Devils,Jacob Josefson,SE,C,18,315,7,3,10,3,15
2811,2009,21,Columbus Blue Jackets,John Moore,US,D,18,544,7,12,19,4,29
2812,2009,22,Vancouver Canucks,Jordan Schroeder,US,C,18,165,7,64,71,13,424
2813,2009,23,Calgary Flames,Tim Erixon,US,D,18,93,7,25,32,-29,175
2815,2009,25,Boston Bruins,Jordan Caron,CA,W,18,157,7,18,25,-19,37
2816,2009,26,Anaheim Ducks,Kyle Palmieri,US,W,18,681,7,40,47,-11,153
2818,2009,28,Chicago Blackhawks,Dylan Olsen,US,D,18,124,6,22,28,8,14
2819,2009,29,Tampa Bay Lightning,Carter Ashton,CA,W,18,54,6,8,14,-15,25
2820,2009,30,Pittsburgh Penguins,Simon Despres,CA,D,18,193,6,39,45,48,138
2822,2009,32,Detroit Red Wings,Landon Ferraro,CA,C,18,77,6,5,11,7,2
2823,2009,33,Colorado Avalanche,Ryan O'Reilly,CA,C,18,938,6,3,9,-9,6
2824,2009,34,Atlanta Thrashers,Carl Klingberg,SE,W,18,12,6,11,17,-2,122
2825,2009,35,Los Angeles Kings,Kyle Clifford,CA,W,18,751,6,14,20,-7,16
2826,2009,36,Phoenix Coyotes,Chris Brown,US,C,18,23,6,2,8,-8,10
2827,2009,37,Anaheim Ducks,Mat Clark,US,D,18,9,6,24,30,-24,42
2828,2009,38,Dallas Stars,Alex Chiasson,CA,W,18,631,6,16,22,1,38
2829,2009,39,Ottawa Senators,Jakob Silfverberg,SE,W,18,658,6,5,11,-18,41
2830,2009,40,Edmonton Oilers,Anton Lander,SE,C,18,215,6,1,7,2,6
2834,2009,44,Florida Panthers,Drew Shore,US,C,18,98,6,16,22,-34,88
2835,2009,45,Atlanta Thrashers,Jeremy Morin,US,W,18,82,6,23,29,-1,20
2841,2009,51,Carolina Hurricanes,Brian Dumoulin,US,D,18,464,6,7,13,-4,12
2842,2009,52,Tampa Bay Lightning,Richard Panik,SK,W,18,521,6,7,13,-10,16
2843,2009,53,Vancouver Canucks,Anton Rodin,SE,W,18,3,6,12,18,-12,72
2844,2009,54,New Jersey Devils,Eric Gelinas,CA,D,18,189,6,21,27,-12,133
2845,2009,55,Washington Capitals,Dmitry Orlov,RU,D,18,643,6,7,13,4,22
2848,2009,58,Toronto Maple Leafs,Jesse Blacker,CA,D,18,1,6,9,15,-10,21
2849,2009,59,Chicago Blackhawks,Brandon Pirri,CA,C,18,276,6,21,27,-13,139
2850,2009,60,Detroit Red Wings,Tomas Tatar,SK,C,18,701,6,29,35,23,137
2851,2009,61,Pittsburgh Penguins,Philip Samuelsson,SE,D,18,13,6,18,24,-17,34
2854,2009,64,Colorado Avalanche,Tyson Barrie,CA,D,18,683,6,16,22,3,90
2855,2009,65,Montreal Canadiens,Joonas Nattinen,FI,C,18,1,6,22,28,-17,185
2856,2009,66,Buffalo Sabres,Brayden McNabb,CA,D,18,576,6,8,14,-26,774
2858,2009,68,Toronto Maple Leafs,Jamie Devane,CA,W,18,2,6,10,16,-20,58
2859,2009,69,Dallas Stars,Reilly Smith,CA,W,18,686,6,9,15,-11,94
2860,2009,70,Nashville Predators,Taylor Beck,CA,W,18,92,6,24,30,-2,42
2862,2009,72,Nashville Predators,Michael Latta,CA,C,18,113,6,7,13,-10,18
2863,2009,73,New Jersey Devils,Alexander Urbom,SE,D,18,34,6,12,18,-4,30
2865,2009,75,Detroit Red Wings,Andrej Nestrasil,CZ,W,18,128,6,6,12,-2,26
2870,2009,80,New York Rangers,Ryan Bourque,US,C,18,1,6,10,16,0,58
2873,2009,83,Vancouver Canucks,Kevin Connauton,CA,D,19,360,6,14,20,3,20
2874,2009,84,Los Angeles Kings,Nicolas Deslauriers,CA,D,18,506,6,14,20,15,44
2875,2009,85,Washington Capitals,Cody Eakin,CA,C,18,701,6,8,14,-9,31
2882,2009,92,New York Islanders,Casey Cizikas,CA,C,18,664,6,9,15,-13,53
2884,2009,94,Columbus Blue Jackets,David Savard,CA,D,18,673,6,25,31,-24,817
2886,2009,96,Los Angeles Kings,Linden Vey,CA,W,18,138,6,13,19,-4,20
2887,2009,97,Phoenix Coyotes,Jordan Szwarz,CA,W,18,50,6,4,10,-11,243
2888,2009,98,Nashville Predators,Craig Smith,US,C,20,789,6,4,10,-3,2
2890,2009,100,Ottawa Senators,Chris Wideman,US,D,19,245,6,15,21,-27,61
2892,2009,102,Nashville Predators,Mattias Ekholm,SE,D,19,662,6,12,18,-21,127
2893,2009,103,Minnesota Wild,Kris Foucault,CA,W,18,1,6,16,22,-18,105
2894,2009,104,Buffalo Sabres,Marcus Foligno,US,W,18,678,6,4,10,-4,8
2896,2009,106,Anaheim Ducks,Sami Vatanen,FI,D,18,473,6,2,8,-11,7
2897,2009,107,Florida Panthers,Garrett Wilson,CA,W,18,84,6,57,63,39,167
2902,2009,112,Boston Bruins,Lane MacDermid,US,W,20,21,6,8,14,-2,37
2904,2009,114,New Jersey Devils,Seth Helgeson,US,D,18,50,5,6,11,-6,22
2905,2009,115,Washington Capitals,Patrick Wey,US,D,18,9,5,14,19,8,35
2908,2009,119,Chicago Blackhawks,Byron Froese,CA,C,18,116,5,6,11,-3,23
2909,2009,120,Atlanta Thrashers,Ben Chiarot,CA,D,18,489,5,37,42,-26,68
2911,2009,122,New York Islanders,Anton Klementyev,RU,D,19,1,5,4,9,4,4
2916,2009,127,New York Rangers,Roman Horak,CZ,C,18,84,5,6,11,-13,18
2918,2009,129,Dallas Stars,Tomas Vincour,CZ,C,18,95,5,8,13,-15,31
2921,2009,132,Nashville Predators,Gabriel Bourque,CA,W,18,413,5,17,22,-8,55
2924,2009,135,Florida Panthers,Corban Knight,CA,C,19,52,5,6,11,4,10
2927,2009,138,Florida Panthers,Wade Megan,US,C,19,15,5,13,18,-2,22
2928,2009,139,Montreal Canadiens,Gabriel Dumont,CA,C,18,90,5,23,28,-3,82
2936,2009,147,San Jose Sharks,Phil Varone,CA,C,18,97,5,11,16,-22,86
2938,2009,149,Chicago Blackhawks,Marcus Kruger,SE,C,19,520,5,31,36,-37,124
2939,2009,150,Detroit Red Wings,Nick Jensen,US,D,18,407,5,34,39,-19,369
2941,2009,152,New York Islanders,Anders Lee,US,C,19,596,5,3,8,-24,352
2947,2009,158,Toronto Maple Leafs,Jerry D'Amigo,US,W,18,31,5,28,33,-15,250
2948,2009,159,Dallas Stars,Curtis McKenzie,CA,W,18,99,5,19,24,-14,311
2954,2009,165,Florida Panthers,Scott Timmins,CA,C,20,24,5,9,14,-10,16
2961,2009,172,Philadelphia Flyers,Eric Wellwood,CA,W,19,31,5,11,16,-12,42
2964,2009,175,Washington Capitals,Garrett Mitchell,CA,W,18,1,5,25,30,-15,176
2965,2009,176,Boston Bruins,Tyler Randell,CA,W,18,27,5,25,30,-38,161
2967,2009,178,Carolina Hurricanes,Rasmus Rissanen,FI,D,18,6,5,9,14,-6,8
2968,2009,179,Los Angeles Kings,Brandon Kozun,US,W,19,20,5,5,10,-2,4
2969,2009,180,Detroit Red Wings,Mitch Callahan,US,W,18,5,5,13,18,-50,14
2971,2009,182,Minnesota Wild,Erik Haula,FI,W,18,534,5,6,11,-20,24
2975,2009,186,Los Angeles Kings,Jordan Nolan,CA,C,20,375,5,41,46,31,253
2985,2009,196,Philadelphia Flyers,Oliver Lauridsen,DK,D,20,16,5,5,10,-6,16
2987,2009,198,Los Angeles Kings,Nic Dowd,US,C,19,371,5,13,18,-1,74
2995,2009,206,Boston Bruins,Ben Sexton,CA,C,18,2,5,16,21,-19,10
2999,2009,210,Detroit Red Wings,Adam Almqvist,SE,D,18,2,5,6,11,-10,2
3001,2008,1,Tampa Bay Lightning,Steven Stamkos,CA,C,18,922,4,11,15,-10,16
3002,2008,2,Los Angeles Kings,Drew Doughty,CA,D,18,1014,4,2,6,2,0
3003,2008,3,Atlanta Thrashers,Zach Bogosian,US,D,18,737,4,15,19,-8,74
3004,2008,4,St. Louis Blues,Alex Pietrangelo,CA,D,18,879,4,1,5,-3,11
3005,2008,5,Toronto Maple Leafs,Luke Schenn,CA,D,18,863,4,11,15,-12,2
3006,2008,6,Columbus Blue Jackets,Nikita Filatov,RU,W,18,53,4,16,20,10,38
3007,2008,7,Nashville Predators,Colin Wilson,US,C,18,632,4,14,18,-12,18
3008,2008,8,Phoenix Coyotes,Mikkel Boedker,DK,W,18,709,4,5,9,-9,6
3009,2008,9,New York Islanders,Josh Bailey,CA,C,18,993,4,3,7,0,4
3010,2008,10,Vancouver Canucks,Cody Hodgson,CA,C,18,328,4,11,15,-7,11
3012,2008,12,Buffalo Sabres,Tyler Myers,US,D,18,840,4,29,33,32,60
3013,2008,13,Los Angeles Kings,Colten Teubert,CA,D,18,24,4,5,9,-1,16
3014,2008,14,Carolina Hurricanes,Zach Boychuk,CA,C,18,127,4,13,17,-14,66
3015,2008,15,Ottawa Senators,Erik Karlsson,SE,D,18,838,4,8,12,-9,18
3016,2008,16,Boston Bruins,Joe Colborne,CA,C,18,295,4,2,6,-13,16
3017,2008,17,Anaheim Ducks,Jake Gardiner,US,D,18,645,4,5,9,3,23
3019,2008,19,Philadelphia Flyers,Luca Sbisa,IT,D,18,549,4,13,17,5,95
3020,2008,20,New York Rangers,Michael Del Zotto,CA,D,18,736,4,3,7,-12,33
3022,2008,22,Edmonton Oilers,Jordan Eberle,CA,C,18,858,4,13,17,-10,134
3023,2008,23,Minnesota Wild,Tyler Cuma,CA,D,18,1,4,8,12,-11,37
3024,2008,24,New Jersey Devils,Mattias Tedenby,SE,W,18,120,4,10,14,-6,6
3025,2008,25,Calgary Flames,Greg Nemisz,CA,C,18,15,4,20,24,1,33
3026,2008,26,Buffalo Sabres,Tyler Ennis,CA,C,18,700,4,20,24,11,49
3027,2008,27,Washington Capitals,John Carlson,US,D,18,887,4,8,12,-1,77
3028,2008,28,Phoenix Coyotes,Viktor Tikhonov,LV,W,20,111,4,17,21,5,26
3032,2008,32,Los Angeles Kings,Slava Voynov,RU,D,18,190,4,3,7,-12,25
3033,2008,33,St. Louis Blues,Philip McRae,US,C,18,15,4,8,12,-3,4
3035,2008,35,Anaheim Ducks,Nicolas Deschamps,CA,C,18,3,4,3,7,4,52
3037,2008,37,Columbus Blue Jackets,Cody Goloubef,CA,D,18,160,4,23,27,-13,88
3038,2008,38,Nashville Predators,Roman Josi,CH,D,18,760,4,10,14,-13,196
3039,2008,39,Anaheim Ducks,Eric O'Dell,CA,C,18,41,4,10,14,-4,220
3040,2008,40,New York Islanders,Aaron Ness,US,D,18,72,4,16,20,-2,79
3041,2008,41,Vancouver Canucks,Yann Sauve,CA,D,18,8,4,7,11,3,264
3042,2008,42,Ottawa Senators,Patrick Wiercioch,CA,D,18,268,4,13,17,-15,388
3043,2008,43,Anaheim Ducks,Justin Schultz,CA,D,18,602,4,38,42,-26,122
3044,2008,44,Buffalo Sabres,Luke Adam,CA,C,18,90,4,3,7,-8,20
3045,2008,45,Carolina Hurricanes,Zac Dalpe,CA,W,18,154,4,18,22,-6,56
3046,2008,46,Florida Panthers,Colby Robak,CA,D,18,47,4,1,5,0,6
3047,2008,47,Boston Bruins,Max Sauve,FR,C,18,1,4,14,18,28,96
3049,2008,49,Phoenix Coyotes,Jared Staal,CA,W,18,2,4,18,22,7,302
3050,2008,50,Colorado Avalanche,Cameron Gaunce,CA,D,18,37,4,5,9,-7,17
3051,2008,51,New York Rangers,Derek Stepan,US,C,18,817,4,12,16,-14,63
3053,2008,53,New York Islanders,Travis Hamonic,CA,D,18,718,4,32,36,-11,54
3054,2008,54,New Jersey Devils,Patrice Cormier,CA,C,18,52,4,48,52,7,269
3055,2008,55,Minnesota Wild,Marco Scandella,CA,D,18,699,4,9,13,-3,12
3060,2008,60,Toronto Maple Leafs,Jimmy Hayes,US,W,18,334,4,7,11,-14,215
3065,2008,65,St. Louis Blues,Jori Lehtera,FI,C,20,307,4,10,14,-10,127
3067,2008,67,Philadelphia Flyers,Marc-Andre Bourdon,CA,D,18,45,4,2,6,2,6
3068,2008,68,Chicago Blackhawks,Shawn Lalonde,CA,D,18,1,4,23,27,-12,556
3069,2008,69,Phoenix Coyotes,Michael Stone,CA,D,18,504,4,5,9,-13,22
3074,2008,74,Los Angeles Kings,Andrew Campbell,CA,D,20,42,4,26,30,-9,464
3075,2008,75,New York Rangers,Evgeny Grachev,RU,C,18,34,4,4,8,-1,19
3078,2008,78,Calgary Flames,Lance Bouma,CA,C,18,357,4,2,6,-8,34
3079,2008,79,Ottawa Senators,Zack Smith,CA,C,20,662,4,4,8,-2,10
3082,2008,82,New Jersey Devils,Adam Henrique,CA,C,18,768,4,12,16,-13,36
3085,2008,85,Anaheim Ducks,Brandon McMillan,CA,W,18,171,4,10,14,-20,34
3090,2008,90,New York Rangers,Tomas Kundratek,CZ,D,18,30,4,2,6,-3,19
3095,2008,95,St. Louis Blues,David Warsofsky,US,D,18,55,4,12,16,-10,24
3096,2008,96,New York Islanders,Matt Donovan,US,D,18,69,4,4,8,-12,16
3097,2008,97,Boston Bruins,Jamie Arniel,CA,C,18,1,4,2,6,-3,10
3102,2008,102,New York Islanders,David Ullstrom,SE,C,19,49,4,19,23,-15,92
3103,2008,103,Edmonton Oilers,Johan Motin,SE,D,18,1,4,6,10,-2,24
3105,2008,105,Carolina Hurricanes,Michal Jordan,CZ,D,18,79,4,6,10,-9,46
3109,2008,109,Ottawa Senators,Andre Petersson,SE,W,18,1,4,14,18,4,31
3111,2008,111,New York Rangers,Dale Weise,CA,W,20,513,4,5,9,-6,4
3114,2008,114,Calgary Flames,T.J. Brodie,CA,D,18,772,4,15,19,-10,111
3117,2008,117,Tampa Bay Lightning,James Wright,CA,C,18,146,4,1,5,2,2
3119,2008,119,Ottawa Senators,Derek Grant,CA,C,18,381,4,38,42,19,89
3121,2008,121,Detroit Red Wings,Gustav Nyquist,SE,W,19,652,4,28,32,-15,323
3123,2008,123,Los Angeles Kings,Andrei Loktionov,RU,C,18,155,4,10,14,-8,30
3127,2008,127,Columbus Blue Jackets,Matt Calvert,CA,W,18,566,4,53,57,24,293
3128,2008,128,Toronto Maple Leafs,Greg Pateryn,US,D,18,290,4,10,14,8,31
3133,2008,133,Edmonton Oilers,Philippe Cornet,CA,W,18,2,4,16,20,-33,60
3135,2008,135,Columbus Blue Jackets,Tomas Kubalik,CZ,W,18,12,4,4,8,0,19
3137,2008,137,Columbus Blue Jackets,Brent Regner,CA,D,19,7,4,8,12,-39,18
3139,2008,139,Ottawa Senators,Mark Borowiecki,CA,D,19,454,4,8,12,-22,19
3148,2008,148,New York Islanders,Matt Martin,CA,W,19,817,3,2,5,-1,23
3149,2008,149,Dallas Stars,Philip Larsen,DK,D,18,151,3,24,27,-9,55
3152,2008,152,Tampa Bay Lightning,Mark Barberio,CA,D,18,272,3,5,8,-13,14
3156,2008,156,New York Islanders,Jared Spurgeon,CA,D,18,772,3,18,21,-17,68
3157,2008,157,Columbus Blue Jackets,Cam Atkinson,US,W,19,700,3,8,11,-11,36
3160,2008,160,Tampa Bay Lightning,Luke Witkowski,US,D,18,132,3,15,18,-6,68
3163,2008,163,Edmonton Oilers,Teemu Hartikainen,FI,C,18,52,3,10,13,-22,18
3169,2008,169,Chicago Blackhawks,Ben Smith,US,W,20,237,3,6,9,1,34
3170,2008,170,Colorado Avalanche,Jonas Holos,NO,D,21,39,3,2,5,3,14
3175,2008,175,New York Islanders,Justin Dibenedetto,CA,C,20,8,3,3,6,-5,10
3177,2008,177,San Jose Sharks,Tommy Wingels,US,C,20,448,3,12,15,-5,129
3178,2008,178,Philadelphia Flyers,Zac Rinaldo,CA,C,18,374,3,5,8,-24,40
3184,2008,184,Atlanta Thrashers,Zach Redmond,US,D,20,133,3,1,4,-1,28
3186,2008,186,San Jose Sharks,Jason Demers,CA,D,20,699,3,5,8,-2,29
3187,2008,187,Columbus Blue Jackets,Sean Collins,CA,C,19,21,3,6,9,4,47
3188,2008,188,Toronto Maple Leafs,Andrew MacWilliam,CA,D,18,12,3,4,7,-14,18
3190,2008,190,Florida Panthers,Matt Bartkowski,US,D,20,256,3,30,33,-63,219
3204,2008,204,Washington Capitals,Stefan Della Rovere,CA,W,18,7,3,11,14,-5,19
3212,2007,1,Chicago Blackhawks,Patrick Kane,US,W,18,1107,3,3,6,-5,14
3213,2007,2,Philadelphia Flyers,James van Riemsdyk,US,W,18,879,3,14,17,1,26
3214,2007,3,Phoenix Coyotes,Kyle Turris,CA,C,18,776,3,16,19,-19,154
3216,2007,5,Washington Capitals,Karl Alzner,CA,D,18,686,3,14,17,1,40
3217,2007,6,Edmonton Oilers,Sam Gagner,CA,C,18,967,3,6,9,-2,8
3218,2007,7,Columbus Blue Jackets,Jakub Voracek,CZ,W,18,1047,3,1,4,-5,4
3219,2007,8,Boston Bruins,Zach Hamill,CA,C,18,20,3,8,11,-15,41
3220,2007,9,San Jose Sharks,Logan Couture,CA,C,18,845,3,15,18,-5,321
3221,2007,10,Florida Panthers,Keaton Ellerby,CA,D,18,212,3,7,10,-6,47
3223,2007,12,Montreal Canadiens,Ryan McDonagh,US,D,18,783,3,8,11,8,31
3224,2007,13,St. Louis Blues,Lars Eller,DK,C,18,870,3,1,4,-13,47
3226,2007,15,Edmonton Oilers,Alex Plante,CA,D,18,10,3,6,9,-6,16
3227,2007,16,Minnesota Wild,Colton Gillies,CA,W,18,154,3,7,10,-4,14
3229,2007,18,St. Louis Blues,Ian Cole,US,D,18,670,3,16,19,-3,725
3232,2007,21,Edmonton Oilers,Riley Nash,CA,C,18,627,3,3,6,-4,2
3233,2007,22,Montreal Canadiens,Max Pacioretty,US,W,18,850,3,4,7,-20,336
3234,2007,23,Nashville Predators,Jonathon Blum,US,D,18,110,3,12,15,-28,74
3235,2007,24,Calgary Flames,Mikael Backlund,SE,C,18,826,3,8,11,-3,287
3237,2007,26,St. Louis Blues,David Perron,CA,W,19,973,3,4,7,2,4
3238,2007,27,Detroit Red Wings,Brendan Smith,CA,D,18,571,3,6,9,7,25
3239,2007,28,San Jose Sharks,Nicholas Petrecki,US,D,18,1,3,8,11,0,20
3240,2007,29,Ottawa Senators,Jim O'Brien,US,C,18,77,3,2,5,7,4
3242,2007,31,Buffalo Sabres,T.J. Brennan,US,D,18,53,3,3,6,-10,56
3243,2007,32,Phoenix Coyotes,Brett Maclean,CA,W,18,18,3,5,8,-20,599
3246,2007,35,Boston Bruins,Tommy Cross,US,D,18,3,3,8,11,1,0
3249,2007,38,Chicago Blackhawks,Bill Sweatt,US,W,18,3,3,2,5,-2,6
3251,2007,40,Florida Panthers,Michal Repik,CZ,W,18,72,3,20,23,-2,577
3252,2007,41,Philadelphia Flyers,Kevin Marshall,CA,D,18,10,3,1,4,-2,15
3253,2007,42,Anaheim Ducks,Eric Tangradi,US,C,18,150,3,3,6,-10,78
3254,2007,43,Montreal Canadiens,P.K. Subban,CA,D,18,834,3,8,11,-9,2
3255,2007,44,St. Louis Blues,Aaron Palushaj,US,W,18,68,3,10,13,-8,528
3256,2007,45,Colorado Avalanche,Colby Cohen,US,D,18,3,3,11,14,0,24
3263,2007,52,Los Angeles Kings,Oscar Moller,SE,C,18,87,3,5,8,-25,456
3266,2007,55,Colorado Avalanche,T.J. Galiardi,CA,W,19,321,3,10,13,-4,51
3267,2007,56,Chicago Blackhawks,Akim Aliu,NG,W,18,7,3,9,12,5,22
3269,2007,58,Nashville Predators,Nick Spaling,CA,C,18,437,3,22,25,-14,742
3272,2007,61,Los Angeles Kings,Wayne Simmonds,CA,W,19,1019,3,4,7,-8,23
3273,2007,62,New York Islanders,Mark Katic,CA,D,18,11,3,10,13,-29,187
3274,2007,63,Anaheim Ducks,Maxime Macenauer,CA,C,18,29,3,10,13,2,55
3278,2007,67,Atlanta Thrashers,Spencer Machacek,CA,W,18,25,3,5,8,-5,42
3281,2007,70,Calgary Flames,John Negrin,CA,D,18,3,3,25,28,-5,11
3282,2007,71,Florida Panthers,Evgenii Dadonov,RU,W,18,413,3,3,6,-15,4
3284,2007,73,Montreal Canadiens,Yannick Weber,CH,D,18,499,3,7,10,-14,29
3288,2007,77,Tampa Bay Lightning,Alex Killorn,CA,C,18,723,3,2,5,-5,2
3289,2007,78,Pittsburgh Penguins,Robert Bortuzzo,CA,D,18,490,3,6,9,-7,21
3290,2007,79,New Jersey Devils,Nick Palmieri,US,W,18,87,3,6,9,-1,19
3292,2007,81,Nashville Predators,Ryan Thang,US,W,20,1,3,22,25,-23,130
3299,2007,88,Detroit Red Wings,Joakim Andersson,SE,C,18,205,3,4,7,10,14
3300,2007,89,Buffalo Sabres,Corey Tropp,US,W,18,149,3,6,9,-7,4
3304,2007,93,Anaheim Ducks,Steven Kampfer,US,D,18,231,3,14,17,-7,18
3305,2007,94,Columbus Blue Jackets,Maksim Mayorov,RU,W,18,22,2,1,3,3,2
3306,2007,95,Los Angeles Kings,Alec Martinez,US,D,20,686,2,1,3,3,2
3307,2007,96,St. Louis Blues,Cade Fairchild,US,D,18,5,2,5,7,1,0
3308,2007,97,Edmonton Oilers,Linus Omark,SE,W,20,79,2,9,11,5,9
3310,2007,99,Toronto Maple Leafs,Matt Frattin,CA,W,19,135,2,6,8,0,2
3320,2007,109,Los Angeles Kings,Dwight King,CA,W,18,365,2,4,6,-4,25
3322,2007,111,Pittsburgh Penguins,Luca Caputi,CA,W,18,35,2,29,31,-23,71
3327,2007,116,Calgary Flames,Keith Aulie,CA,D,18,167,2,17,19,-10,24
3329,2007,118,Pittsburgh Penguins,Alex Grant,CA,D,18,7,2,1,3,-2,6
3333,2007,122,Philadelphia Flyers,Mario Kempe,SE,C,18,70,2,2,4,0,4
3340,2007,129,Dallas Stars,Jamie Benn,CA,W,18,948,2,6,8,-8,32
3343,2007,132,Carolina Hurricanes,Chris Terry,CA,W,18,152,2,11,13,-7,28
3346,2007,135,Colorado Avalanche,Paul Carey,US,C,18,100,2,3,5,2,153
3351,2007,140,Minnesota Wild,Cody Almond,CA,C,18,25,2,2,4,-9,42
3352,2007,141,Pittsburgh Penguins,Jake Muzzin,CA,D,18,679,2,10,12,-14,12
3355,2007,144,Nashville Predators,Andreas Thuresson,SE,C,19,25,2,3,5,-6,20
3363,2007,152,Philadelphia Flyers,Jon Kalinski,CA,W,20,22,2,9,11,-6,8
3372,2007,161,Philadelphia Flyers,Patrick Maroon,US,W,19,649,2,3,5,2,11
3373,2007,162,Carolina Hurricanes,Brett Bellemore,CA,D,19,121,2,4,6,-6,8
3375,2007,164,Toronto Maple Leafs,Chris Didomenico,CA,C,18,27,2,6,8,-6,19
3378,2007,167,Tampa Bay Lightning,Johan Harju,SE,W,21,10,2,2,4,-1,8
3384,2007,173,San Jose Sharks,Nick Bonino,US,C,19,761,2,2,4,-2,8
3386,2007,175,Atlanta Thrashers,John Albert,US,C,18,9,2,7,9,-7,41
3390,2007,179,Buffalo Sabres,Paul Byron,CA,C,18,521,2,1,3,1,6
3405,2007,194,Toronto Maple Leafs,Carl Gunnarsson,SE,D,20,629,2,2,4,0,6
3411,2007,200,Minnesota Wild,Carson McMillan,CA,W,19,16,2,2,4,0,38
3412,2007,201,San Jose Sharks,Justin Braun,US,D,20,791,2,7,9,-14,38
3414,2007,203,San Jose Sharks,Frazer McLaren,CA,W,19,102,2,7,9,-7,46
3416,2007,205,Atlanta Thrashers,Paul Postma,CA,D,18,205,2,9,11,-7,269
3423,2006,1,St. Louis Blues,Erik Johnson,US,D,18,857,2,7,9,-3,35
3425,2006,3,Chicago Blackhawks,Jonathan Toews,CA,C,18,1014,2,13,15,-6,314
3426,2006,4,Washington Capitals,Nicklas Backstrom,SE,C,18,1058,2,1,3,-4,8
3427,2006,5,Boston Bruins,Phil Kessel,US,W,18,1204,2,6,8,-13,33
3428,2006,6,Columbus Blue Jackets,Derick Brassard,CA,C,18,951,2,2,4,-1,6
3429,2006,7,New York Islanders,Kyle Okposo,US,W,18,909,2,4,6,-10,32
3430,2006,8,Phoenix Coyotes,Peter Mueller,US,C,18,297,2,6,8,-32,145
3431,2006,9,Minnesota Wild,James Sheppard,CA,C,18,394,2,1,3,1,0
3432,2006,10,Florida Panthers,Michael Frolik,CZ,W,18,858,2,8,10,-5,137
3434,2006,12,Atlanta Thrashers,Bryan Little,CA,W,18,843,2,45,47,-5,282
3435,2006,13,Toronto Maple Leafs,Jiri Tlusty,CZ,C,18,446,2,5,7,-10,16
3436,2006,14,Vancouver Canucks,Michael Grabner,AT,W,18,640,2,7,9,-3,35
3438,2006,16,San Jose Sharks,Ty Wishart,CA,D,18,26,2,5,7,-9,18
3439,2006,17,Los Angeles Kings,Trevor Lewis,US,C,19,810,2,8,10,-1,30
3440,2006,18,Colorado Avalanche,Chris Stewart,CA,W,18,668,2,1,3,-1,176
3443,2006,21,New York Rangers,Bobby Sanguinetti,US,D,18,45,2,5,7,-14,147
3444,2006,22,Philadelphia Flyers,Claude Giroux,CA,W,18,1018,2,27,29,-16,747
3447,2006,25,St. Louis Blues,Patrik Berglund,SE,C,18,717,2,3,5,-18,137
3449,2006,27,Dallas Stars,Ivan Vishnevskiy,RU,D,18,5,2,7,9,7,52
3450,2006,28,Ottawa Senators,Nick Foligno,US,W,18,1021,2,4,6,-11,64
3451,2006,29,Phoenix Coyotes,Chris Summers,US,D,18,70,2,1,3,-1,176
3452,2006,30,New Jersey Devils,Matthew Corrente,CA,D,18,34,2,3,5,-3,12
3453,2006,31,St. Louis Blues,Tomas Kana,CZ,C,18,6,2,6,8,1,18
3454,2006,32,Pittsburgh Penguins,Carl Sneep,US,D,18,1,2,6,8,12,109
3458,2006,36,San Jose Sharks,Jamie McGinn,CA,W,18,617,2,3,5,2,6
3461,2006,39,Philadelphia Flyers,Andreas Nodl,AT,W,19,183,2,2,4,9,12
3463,2006,41,Detroit Red Wings,Cory Emmerton,CA,C,18,139,2,6,8,-8,33
3466,2006,44,Toronto Maple Leafs,Nikolai Kulemin,RU,W,20,669,2,5,7,-2,8
3467,2006,45,Edmonton Oilers,Jeff Petry,US,D,18,803,2,7,9,-8,24
3469,2006,47,Detroit Red Wings,Shawn Matthias,CA,C,18,551,2,45,47,0,122
3471,2006,49,Montreal Canadiens,Ben Maxwell,CA,C,18,47,2,4,6,-2,8
3472,2006,50,Boston Bruins,Milan Lucic,CA,W,18,1096,2,1,3,-4,8
3475,2006,53,Montreal Canadiens,Mathieu Carle,CA,D,18,3,2,3,5,2,2
3476,2006,54,New York Rangers,Artem Anisimov,RU,C,18,771,2,3,5,-7,59
3478,2006,56,Nashville Predators,Blake Geoffrion,US,C,18,55,2,2,4,-4,17
3479,2006,57,Buffalo Sabres,Mike Weber,US,D,18,351,2,4,6,-2,12
3480,2006,58,New Jersey Devils,Alexander Vasyunov,RU,W,18,18,2,5,7,10,10
3482,2006,60,New York Islanders,Jesse Joensuu,FI,W,18,129,2,3,5,-4,6
3485,2006,63,Carolina Hurricanes,Jamie McBain,US,D,18,348,2,5,7,3,23
3486,2006,64,St. Louis Blues,Jonas Junland,SE,D,18,4,2,2,4,-16,8
3487,2006,65,Pittsburgh Penguins,Brian Strait,US,D,18,187,2,1,3,-6,4
3488,2006,66,Montreal Canadiens,Ryan White,CA,C,18,313,2,1,3,0,7
3490,2006,68,Ottawa Senators,Eric Gryba,CA,D,18,289,2,18,20,5,124
3493,2006,71,Boston Bruins,Brad Marchand,CA,W,18,874,2,3,5,-7,6
3494,2006,72,Minnesota Wild,Cal Clutterbuck,CA,W,18,933,2,3,5,0,6
3499,2006,77,New Jersey Devils,Vladimir Zharkov,RU,W,18,82,2,4,6,9,51
3500,2006,78,Tampa Bay Lightning,Kevin Quick,US,D,18,6,2,5,7,-4,4
3501,2006,79,Philadelphia Flyers,Jon Matsumoto,CA,C,19,14,2,5,7,-5,2
3507,2006,85,Columbus Blue Jackets,Tom Sestito,US,W,18,154,2,2,4,-7,4
3508,2006,86,Los Angeles Kings,Bud Holloway,CA,W,18,1,2,12,14,-26,587
3513,2006,91,Ottawa Senators,Kaspars Daugavins,LV,W,18,91,2,10,12,-36,95
3519,2006,97,Washington Capitals,Oskar Osala,FI,W,18,3,2,5,7,-17,10
3522,2006,100,New York Islanders,Rhett Rakhshani,US,W,18,7,2,8,10,10,4
3525,2006,103,Florida Panthers,Michael Caruso,CA,D,18,2,2,14,16,-6,211
3533,2006,111,Toronto Maple Leafs,Korbinian Holzer,DE,D,18,206,1,1,2,0,0
3550,2006,128,Boston Bruins,Andrew Bodnarchuk,CA,D,18,42,1,5,6,-10,8
3560,2006,138,Dallas Stars,David McIntyre,CA,C,19,7,1,4,5,-1,8
3569,2006,147,Buffalo Sabres,Alex Biega,CA,D,18,243,1,2,3,0,6
3583,2006,161,Toronto Maple Leafs,Viktor Stalberg,SE,W,20,488,1,2,3,-1,4
3585,2006,163,Vancouver Canucks,Sergei Shirokov,RU,W,20,8,1,2,3,-8,45
3594,2006,172,Anaheim Ducks,Petteri Wirtanen,FI,C,20,3,1,3,4,-4,18
3599,2006,177,Washington Capitals,Mathieu Perreault,CA,C,18,708,1,2,3,4,40
3602,2006,180,Toronto Maple Leafs,Leo Komarov,EE,C,19,491,1,2,3,-2,12
3604,2006,182,Detroit Red Wings,Jan Mursak,SI,W,18,46,1,2,3,1,0
3608,2006,186,Chicago Blackhawks,Peter Leblanc,CA,C,18,1,1,1,2,-1,0
3611,2006,189,Columbus Blue Jackets,Derek Dorsett,CA,W,19,515,1,3,4,3,4
3618,2006,196,Phoenix Coyotes,Benn Ferriero,US,C,19,98,1,2,3,-5,2
3622,2006,200,Atlanta Thrashers,Arturs Kulda,LV,D,18,15,1,6,7,-7,22
3624,2006,202,San Jose Sharks,John McCarthy,US,W,20,88,1,3,4,-7,2
3632,2006,210,Atlanta Thrashers,Will O'Neill,US,D,18,1,1,5,6,5,10
3633,2006,211,Ottawa Senators,Erik Condra,US,W,20,372,1,4,5,0,0
3637,2005,2,Anaheim Ducks,Bobby Ryan,US,W,18,866,1,6,7,-3,17
3638,2005,3,Carolina Hurricanes,Jack Johnson,US,D,18,1024,1,6,7,-18,36
3639,2005,4,Minnesota Wild,Benoit Pouliot,CA,W,18,625,1,2,3,-11,51
3641,2005,6,Columbus Blue Jackets,Gilbert Brule,CA,C,18,299,1,3,4,2,38
3642,2005,7,Chicago Blackhawks,Jack Skille,US,W,18,368,1,9,10,-14,59
3643,2005,8,San Jose Sharks,Devin Setoguchi,CA,W,18,516,1,1,2,-2,21
3644,2005,9,Ottawa Senators,Brian Lee,US,D,18,209,1,8,9,-16,32
3646,2005,11,Los Angeles Kings,Anze Kopitar,SI,C,18,1210,1,1,2,1,0
3647,2005,12,New York Rangers,Marc Staal,CA,D,18,1019,1,1,2,2,0
3652,2005,17,Phoenix Coyotes,Martin Hanzal,CZ,C,18,673,1,2,3,-4,9
3653,2005,18,Nashville Predators,Ryan Parent,CA,D,18,106,1,2,3,0,6
3655,2005,20,Florida Panthers,Kenndal McArdle,CA,W,18,42,1,14,15,0,56
3659,2005,24,St. Louis Blues,T.J. Oshie,US,C,18,900,1,19,20,-42,199
3662,2005,27,Washington Capitals,Joe Finley,US,D,18,21,1,12,13,0,48
3663,2005,28,Dallas Stars,Matt Niskanen,US,D,18,949,1,1,2,-6,8
3664,2005,29,Philadelphia Flyers,Steve Downie,CA,W,18,434,1,1,2,-4,2
3666,2005,31,Anaheim Ducks,Brendan Mikkelson,CA,D,18,131,1,10,11,-27,63
3669,2005,34,Colorado Avalanche,Ryan Stoa,US,C,18,40,1,3,4,-3,10
3671,2005,36,Edmonton Oilers,Taylor Chorney,CA,D,18,166,1,3,4,-7,23
3672,2005,37,St. Louis Blues,Scott Jackson,CA,D,18,1,1,1,2,-1,12
3674,2005,39,Boston Bruins,Petr Kalus,CZ,W,18,11,1,20,21,0,152
3675,2005,40,New York Rangers,Michael Sauer,US,D,18,98,1,2,3,-4,24
3677,2005,42,Detroit Red Wings,Justin Abdelkader,US,W,18,739,1,1,2,-2,0
3678,2005,43,Chicago Blackhawks,Mike Blunden,CA,W,18,127,1,2,3,1,14
3679,2005,44,Colorado Avalanche,Paul Stastny,CA,C,19,1072,1,2,3,0,8
3680,2005,45,Montreal Canadiens,Guillaume Latendresse,CA,W,18,341,1,3,4,12,26
3681,2005,46,New York Islanders,Dustin Kohn,CA,D,18,22,1,1,2,-2,0
3686,2005,51,Vancouver Canucks,Mason Raymond,CA,W,19,546,1,1,2,-7,69
3690,2005,55,Columbus Blue Jackets,Adam McQuaid,CA,D,18,512,1,1,2,-1,8
3691,2005,56,New York Rangers,Marc-Andre Cliche,CA,C,18,151,1,2,3,-3,85
3692,2005,57,Minnesota Wild,Matt Kassian,CA,W,18,76,1,3,4,-7,12
3701,2005,66,New York Rangers,Brodie Dupont,CA,C,18,1,1,2,3,-5,10
3702,2005,67,Columbus Blue Jackets,Kris Russell,CA,D,18,912,1,1,2,-2,222
3703,2005,68,Chicago Blackhawks,Evan Brophey,CA,C,18,4,1,2,3,-3,0
3706,2005,71,Dallas Stars,Rich Clune,CA,W,18,139,1,4,5,4,31
3708,2005,73,Tampa Bay Lightning,Radek Smolenak,CZ,W,18,7,1,2,3,-4,22
3714,2005,79,Nashville Predators,Cody Franson,CA,D,18,550,1,2,3,1,130
3716,2005,81,Edmonton Oilers,Danny Syvret,CA,D,20,59,1,4,5,-4,42
3717,2005,82,Toronto Maple Leafs,Phil Oreskovic,CA,D,18,10,1,1,2,-6,0
3718,2005,83,Boston Bruins,Mikko Lehtonen,FI,W,18,2,1,3,4,-6,346
3719,2005,84,New Jersey Devils,Mark Fraser,CA,D,18,219,1,3,4,4,28
3722,2005,87,Buffalo Sabres,Marc-Andre Gragnani,CA,D,18,78,1,2,3,-8,36
3723,2005,88,Colorado Avalanche,T.J. Hensick,US,C,19,112,1,3,4,-1,37
3726,2005,91,Philadelphia Flyers,Oskars Bartulis,LV,D,18,66,1,1,2,-2,10
3730,2005,95,Ottawa Senators,Cody Bass,CA,C,18,75,1,1,2,-1,2
3731,2005,96,Buffalo Sabres,Chris Butler,US,D,18,407,1,4,5,-10,20
3733,2005,98,Ottawa Senators,Ilya Zubov,RU,C,18,11,1,1,2,-2,2
3734,2005,99,New Jersey Devils,Patrick Davis,US,W,18,9,1,2,3,-19,377
3735,2005,100,Boston Bruins,Jonathan Sigalet,CA,D,19,1,1,1,2,-4,4
3736,2005,101,Columbus Blue Jackets,Jared Boll,US,W,19,579,1,1,2,-4,67
3737,2005,102,Tampa Bay Lightning,Blair Jones,CA,C,18,132,1,3,4,-6,16
3738,2005,103,Detroit Red Wings,Mattias Ritola,SE,W,18,43,1,2,3,-10,16
3741,2005,106,Boston Bruins,Vladimir Sobotka,CZ,C,18,548,1,6,7,-4,50
3743,2005,108,Chicago Blackhawks,Niklas Hjalmarsson,SE,D,18,821,1,7,8,11,32
3751,2005,116,Atlanta Thrashers,Jordan Smotherman,US,W,19,4,1,6,7,-8,145
3759,2005,124,Colorado Avalanche,Ray Macias,US,D,18,8,1,2,3,0,20
3777,2005,142,Buffalo Sabres,Nathan Gerbe,US,C,18,435,1,8,9,-7,10
3779,2005,144,New York Islanders,Masi Marjamaki,FI,W,20,1,1,5,6,-13,321
3781,2005,146,Dallas Stars,Tom Wandell,SE,C,18,229,1,6,7,0,34
3784,2005,149,San Jose Sharks,Derek Joslin,CA,D,18,116,1,10,11,-17,87
3785,2005,150,Nashville Predators,Cal O'Reilly,CA,C,18,145,1,3,4,0,21
3791,2005,156,St. Louis Blues,Ryan Reaves,CA,W,18,755,1,1,2,-1,0
3806,2005,171,St. Louis Blues,Nick Drazenovic,CA,C,18,12,1,3,4,2,4
3816,2005,181,Washington Capitals,Tim Kennedy,US,W,19,162,1,5,6,-5,13
3820,2005,185,Vancouver Canucks,Kris Fredheim,CA,D,18,3,1,1,2,-1,2
3822,2005,187,Atlanta Thrashers,Andrei Zubarev,RU,D,18,4,1,7,8,-15,30
3825,2005,190,Montreal Canadiens,Matt D'Agostini,CA,W,18,324,1,1,2,1,6
3827,2005,192,Carolina Hurricanes,Nicolas Blanchard,CA,W,18,9,1,2,3,-1,2
3830,2005,195,Pittsburgh Penguins,Joe Vitale,US,C,20,234,1,1,2,-22,208
3840,2005,205,Vancouver Canucks,Mario Bliznak,SK,C,18,6,1,1,2,-3,21
3846,2005,211,New York Rangers,Ryan Russell,CA,C,18,41,1,11,12,5,41
3851,2005,216,Toronto Maple Leafs,Anton Stralman,SE,D,19,930,1,1,2,1,2
3857,2005,222,Colorado Avalanche,Kyle Cumiskey,CA,D,18,139,1,1,2,-11,12
3863,2005,228,Toronto Maple Leafs,Chad Rau,US,C,18,9,1,2,3,5,29
3865,2005,230,Nashville Predators,Patric Hornqvist,SE,W,18,879,1,1,2,-2,20
3866,2004,1,Washington Capitals,Alex Ovechkin,RU,W,18,1274,1,2,3,1,2
3867,2004,2,Pittsburgh Penguins,Evgeni Malkin,RU,C,18,981,1,1,2,-7,14
3869,2004,4,Carolina Hurricanes,Andrew Ladd,CA,W,18,1001,1,1,2,-2,2
3870,2004,5,Phoenix Coyotes,Blake Wheeler,US,W,18,1046,1,4,5,-26,33
3872,2004,7,Florida Panthers,Rostislav Olesz,CZ,W,18,365,1,4,5,-43,103
3873,2004,8,Columbus Blue Jackets,Alexandre Picard,CA,W,18,67,1,7,8,-34,105
3874,2004,9,Anaheim Ducks,Ladislav Smid,CZ,D,18,583,1,12,13,0,475
3876,2004,11,Los Angeles Kings,Lauri Tukonen,FI,W,18,5,1,14,15,-74,88
3878,2004,13,Buffalo Sabres,Drew Stafford,US,W,18,841,1,3,4,1,4
3880,2004,15,Nashville Predators,Alexander Radulov,RU,W,18,524,1,2,3,0,0